SUB_ASSEMBLY_ITEM_CODE,SUB_ASSEMBLY_ITEM_DESC,Qty,SUB_ASSEMBLY_UOM,Line Type,COMP_ITEM_CODE,COMP_DESC,COMP_UOM,Qty.1,Unit Cost,Scrap Factor%,Require QTY,MY_LEVEL,ASSEMB_ITEM_CODE,ASSEMB_ITEM_DESC,ASSEMB_UOM,COMP_ORG,Packing flag,Flag,uniq_comb,Qty.1/Qty,multiplier,intermediate_output,COMP_QTY,Lower_Level,Upper_Level,AVG,Total_Chicken,Trimming(in KG)
3001370261,CHICKEN FILLET BURGER,700.03,KGM,Ingredient,1001100022,CHICKEN CALIBRATED FILLET - YIELD: 31-40 %,KGM,549.5,13.9401207089255,0.0,549.5,1.0,4001370200,CRAVES BBQ CHICKEN FILLET BURGER 4PCS (18*4*150GM),CRT,NFC,0,False,4001370200_NFC,0.7849663585846322,11.19,8.783773552562034,8.783773552562034,31,40,0.355,24.74302409172404,15.959250539162005
3001237165,STRIPS JORDAN NEW,318.412,KGM,Ingredient,1001100024,CHICKEN CALIBRATED FILLET - YIELD: 51-60 %,KGM,170.32,0.0,0.0,170.32,1.0,4001370244,CAT COOKED SPICY BR CHICKEN STRIPS 1K (8*1*1000GM),CRT,GFC,0,False,4001370244_GFC,0.5349044633996206,11.75,6.285127444945542,6.285127444945542,51,60,0.555,11.324553954856832,5.03942650991129
3001370269,JORDAN SPICY STRIPS - NEW,317.55,KGM,Ingredient,1001100023,CHICKEN CALIBRATED FILLET - YIELD: 41-50 %,KGM,169.0,13.6149584770838,0.0,169.0,1.0,4001370244,CAT COOKED SPICY BR CHICKEN STRIPS 1K (8*1*1000GM),CRT,NFC,0,False,4001370244_NFC,0.5321996535978586,12.05,6.413005825854197,6.413005825854197,41,50,0.455,14.09451829858065,7.681512472726454
3001370384,VOX BREADED CHICKEN POPCORN,179.4078,KGM,Ingredient,1001100024,CHICKEN CALIBRATED FILLET - YIELD: 51-60 %,KGM,99.12,0.0,0.0,99.12,1.0,4001370324,Vox Cat Breaded Chicken Popcorn 1Kg (10*1*1000Gm),CRT,GFC,0,False,4001370324_GFC,0.5524843401457462,14.21,7.850802473471054,7.850802473471054,51,60,0.555,14.145590042290186,6.294787568819132
4001370336,CAT CHICKEN BREAST 8 OZ (10*1*1000GM),1.0,KGM,Ingredient,1001100025,CHICKEN CALIBRATED FILLET - YIELD: 61-70 %,KGM,0.9524,1.01248998850835,0.0,0.9524,0.0,4001370336,CAT CHICKEN BREAST 8 OZ (10*1*1000GM),KGM,KFC,0,False,4001370336_KFC,0.9524,1.0,0.9524,0.9524,61,70,0.655,1.4540458015267175,0.5016458015267174
4001370354,ROCK HOUSE CAT TENDER CHICKEN BREAST 1KG (10*50*20GM),1.0,CRT,Ingredient,1001100020,CHICKEN CALIBRATED FILLET - YIELD: 10-19%,KGM,10.0,1.12898353625853,0.0,10.0,0.0,4001370354,ROCK HOUSE CAT TENDER CHICKEN BREAST 1KG (10*50*20GM),CRT,KFC,0,False,4001370354_KFC,10.0,1.0,10.0,10.0,10,19,0.145,68.96551724137932,58.96551724137932
4001370355,ROCK HOUSE CAT CALIBRATED CHICKEN SLIDER 45G 1KG (10*22*45GM),1.0,CRT,Ingredient,1001100021,CHICKEN CALIBRATED FILLET - YIELD: 20-30 %,KGM,9.0,1.10563294466028,0.0,9.0,0.0,4001370355,ROCK HOUSE CAT CALIBRATED CHICKEN SLIDER 45G 1KG (10*22*45GM),CRT,KFC,0,False,4001370355_KFC,9.0,1.0,9.0,9.0,20,30,0.25,36.0,27.0
3001370886,CHICKEN BREASTS ZINGER - CATERING,186.422,KGM,Ingredient,1001100024,CHICKEN CALIBRATED FILLET - YIELD: 51-60 %,KGM,109.0,13.3087752897299,0.0,109.0,1.0,4001370801,CAT SPICY CHICKEN FILLET 1KG (10*1*1000GM),CRT,NFC,0,False,4001370801_NFC,0.5846949394384783,10.0,5.846949394384783,5.846949394384783,51,60,0.555,10.535043953846454,4.688094559461671
3001237133,SUBWAY ROTISSERIE CHICKEN MIX,131.2,KGM,Ingredient,1001100028,CHICKEN CALIBRATED FILLET - YIELD: 91-100%,KGM,91.2,0.0,0.0,91.2,1.0,4001370804,SUBWAY CAT ROTISSERIE CHICKEN 1KG (10*1*1000GM),CRT,GFC,0,False,4001370804_GFC,0.6951219512195123,21.86,15.195365853658538,15.195365853658538,91,100,0.955,15.911377857234072,0.7160120035755337
3001370839,SUBWAY ROTISSERIE CHICKEN,131.2,KGM,Ingredient,1001100027,CHICKEN CALIBRATED FILLET - YIELD: 81-90%,KGM,91.2,12.3939792017777,0.0,91.2,1.0,4001370804,SUBWAY CAT ROTISSERIE CHICKEN 1KG (10*1*1000GM),CRT,NFC,0,False,4001370804_NFC,0.6951219512195123,21.87,15.202317073170734,15.202317073170734,81,90,0.855,17.780487804878053,2.578170731707319
3001370871,CHICKEN FILLET CATERING,607.075,KGM,Ingredient,1001100023,CHICKEN CALIBRATED FILLET - YIELD: 41-50 %,KGM,347.0,13.6149584770838,0.0,347.0,1.0,4001370807,CAT CHICKEN FILLET 1KG (10*1*1000GM),CRT,NFC,0,False,4001370807_NFC,0.5715932957212865,13.82,7.8994193468681795,7.8994193468681795,41,50,0.455,17.361361201908085,9.461941855039907
3001370867,CHICKEN FILLET SPICY CATERING,614.575,KGM,Ingredient,1001100023,CHICKEN CALIBRATED FILLET - YIELD: 41-50 %,KGM,347.0,13.6149584770838,0.0,347.0,1.0,4001370809,CAT BREADED SPICY CHICKEN FILLET 1KG (10*1*1000GM),CRT,NFC,0,False,4001370809_NFC,0.5646178253264451,13.95,7.876418663303909,7.876418663303909,41,50,0.455,17.31081024901958,9.43439158571567
3001370869,MARINATED CHICKEN FILLET,145.5,KGM,Ingredient,1001100022,CHICKEN CALIBRATED FILLET - YIELD: 31-40 %,KGM,118.0,13.9401207089255,0.0,118.0,1.0,4001370810,MARINATED CHICKEN FILLET 1KG (10*1*1000GM),CRT,NFC,0,False,4001370810_NFC,0.8109965635738832,10.9,8.839862542955327,8.839862542955327,31,40,0.355,24.901021247761484,16.061158704806157
4001370813,CAT CHICKEN BREAST 6 OZ (10*6*170G),1.0,CRT,Ingredient,1001100022,CHICKEN CALIBRATED FILLET - YIELD: 31-40 %,KGM,9.524,1.08234524441383,0.0,9.524,0.0,4001370813,CAT CHICKEN BREAST 6 OZ (10*6*170G),CRT,KFC,0,False,4001370813_KFC,9.524,1.0,9.524,9.524,31,40,0.355,26.828169014084505,17.304169014084508
3001490842,MARINATED CHICKEN FILLET 5 OZ & 6 OZ MIX,145.5,KGM,Ingredient,1001100023,CHICKEN CALIBRATED FILLET - YIELD: 41-50 %,KGM,118.0,13.6149584770838,0.0,118.0,1.0,4001370813,CAT CHICKEN BREAST 6 OZ (10*6*170G),CRT,NFC,0,False,4001370813_NFC,0.8109965635738832,11.6,9.407560137457043,9.407560137457043,41,50,0.455,20.675956346059436,11.268396208602393
3001490842,MARINATED CHICKEN FILLET 5 OZ & 6 OZ MIX,145.5,KGM,Ingredient,1001100023,CHICKEN CALIBRATED FILLET - YIELD: 41-50 %,KGM,118.0,13.6149584770838,0.0,118.0,1.0,4001370815,CAT CHICKEN BREAST 5 OZ (10*7*143G),CRT,NFC,0,False,4001370815_NFC,0.8109965635738832,11.75,9.529209621993129,9.529209621993129,41,50,0.455,20.94331785053435,11.41410822854122
4001370816,CAT CHICKEN BREAST 4 OZ (10*1*1000G),1.0,CRT,Ingredient,1001100022,CHICKEN CALIBRATED FILLET - YIELD: 31-40 %,KGM,9.524,1.08234524441383,0.0,9.524,0.0,4001370816,CAT CHICKEN BREAST 4 OZ (10*1*1000G),CRT,KFC,0,False,4001370816_KFC,9.524,1.0,9.524,9.524,31,40,0.355,26.828169014084505,17.304169014084508
3001370869,MARINATED CHICKEN FILLET,145.5,KGM,Ingredient,1001100022,CHICKEN CALIBRATED FILLET - YIELD: 31-40 %,KGM,118.0,13.9401207089255,0.0,118.0,1.0,4001370816,CAT CHICKEN BREAST 4 OZ (10*1*1000G),CRT,NFC,0,False,4001370816_NFC,0.8109965635738832,11.75,9.529209621993129,9.529209621993129,31,40,0.355,26.84284400561445,17.31363438362132
3001370853,SANDWICH BREAD MINI-CHICKEN F,187.21,KGM,Ingredient,1001100022,CHICKEN CALIBRATED FILLET - YIELD: 31-40 %,KGM,109.0,13.9401207089255,0.0,109.0,1.0,4001370818,CAT BREADED MINI CHICKEN FILLET 1000G (10*1*1000GM),CRT,NFC,0,False,4001370818_NFC,0.5822338550291116,13.95,8.122162277656107,8.122162277656107,31,40,0.355,22.879330359594668,14.757168081938561
4001370823,CAT MARINATED CHICKEN BREAST 6 OZ,1.0,CRT,Ingredient,1001100022,CHICKEN CALIBRATED FILLET - YIELD: 31-40 %,KGM,9.25,1.08234524441383,0.0,9.25,0.0,4001370823,CAT MARINATED CHICKEN BREAST 6 OZ,CRT,KFC,0,False,4001370823_KFC,9.25,1.0,9.25,9.25,31,40,0.355,26.056338028169016,16.806338028169016
3001370893,MARINATED CHICKEN 6 ONS SANDWICH COMPANY,146.56,KGM,Ingredient,1001100023,CHICKEN CALIBRATED FILLET - YIELD: 41-50 %,KGM,116.0,13.6149584770838,0.0,116.0,1.0,4001370823,CAT MARINATED CHICKEN BREAST 6 OZ,CRT,NFC,0,False,4001370823_NFC,0.7914847161572053,11.74,9.29203056768559,9.29203056768559,41,50,0.455,20.42204520370459,11.130014636019002
3001470899,CATERING CRUNCHY BREADED FILLT,212.97,KGM,Ingredient,1001100022,CHICKEN CALIBRATED FILLET - YIELD: 31-40 %,KGM,109.0,13.9401207089255,0.0,109.0,1.0,4001370824,CAT CRUNCHY CHICKEN FILLET 1KG (10*1*1000GM),CRT,NFC,0,False,4001370824_NFC,0.5118091750011738,15.1,7.728318542517725,7.728318542517725,31,40,0.355,21.769911387373874,14.04159284485615
3001370879,VOX BREADED CHICKEN FILLET,192.59,KGM,Ingredient,1001100022,CHICKEN CALIBRATED FILLET - YIELD: 31-40 %,KGM,104.43,0.0,0.0,104.43,1.0,4001370831,VOX CAT BREADED CHICKEN FILLET 1KG (10*1*1000GM),CRT,GFC,0,False,4001370831_GFC,0.5422399916921958,13.7,7.428687886183082,7.428687886183082,31,40,0.355,20.925881369529808,13.497193483346727
3001370879,VOX BREADED CHICKEN FILLET,191.209999999999,KGM,Ingredient,1001100022,CHICKEN CALIBRATED FILLET - YIELD: 31-40 %,KGM,110.0,13.9401207089255,0.0,110.0,1.0,4001370831,VOX CAT BREADED CHICKEN FILLET 1KG (10*1*1000GM),CRT,NFC,0,False,4001370831_NFC,0.575283719470742,13.7,7.881386956749164,7.881386956749164,31,40,0.355,22.201090019011733,14.319703062262569
3001370858,CHICKEN BREASTS WITH PEPPER AND LEMON,113.06,KGM,Ingredient,1001100021,CHICKEN CALIBRATED FILLET - YIELD: 20-30 %,KGM,100.0,14.1876295501858,0.0,100.0,1.0,4001370837,LIFE MARINATED CHICKEN BREAST 500G - PEPPER (18*4*125GM),CRT,NFC,0,False,4001370837_NFC,0.884486113568017,10.45,9.242879886785778,9.242879886785778,20,30,0.25,36.97151954714311,27.72863966035733
3001370857,CHICKEN BREASTS WITH ITALIAN MIX,110.75,KGM,Ingredient,1001100021,CHICKEN CALIBRATED FILLET - YIELD: 20-30 %,KGM,95.0,14.1876295501858,0.0,95.0,1.0,4001370838,LIFE MARINATED CHICKEN BREAST 500G - ITALIAN (18*4*125GM),CRT,NFC,0,False,4001370838_NFC,0.8577878103837472,10.45,8.963882618510157,8.963882618510157,20,30,0.25,35.85553047404063,26.891647855530472
3001370890,CHICKEN BREAST WITH TIKKA MIXTURE,111.71,KGM,Ingredient,1001100021,CHICKEN CALIBRATED FILLET - YIELD: 20-30 %,KGM,95.0,14.1876295501858,0.0,95.0,1.0,4001370839,LIFE MARINATED CHICKEN BREAST 500G - TIKA (18*4*125GM),CRT,NFC,0,False,4001370839_NFC,0.850416256378122,10.45,8.886849879151374,8.886849879151374,20,30,0.25,35.547399516605495,26.66054963745412
3001237093,AMERICANA ZINGZ FILLETS MIX,240.876,KGM,Ingredient,1001100026,CHICKEN CALIBRATED FILLET - YIELD: 71-80 %,KGM,144.89,0.0,0.0,144.89,1.0,4001370840,Hot And Crunchy Chicken Fillet 840G (9*2*420Gm) Twin Pack,CRT,GFC,0,False,4001370840_GFC,0.6015128115710987,11.2,6.736943489596305,6.736943489596305,71,80,0.755,8.923103959730206,2.186160470133901
3001370889,CRISPY SPICY CHICKEN BREAST,183.241,KGM,Ingredient,1001100025,CHICKEN CALIBRATED FILLET - YIELD: 61-70 %,KGM,104.5,13.0018730582722,0.0,104.5,1.0,4001370840,Hot And Crunchy Chicken Fillet 840G (9*2*420Gm) Twin Pack,CRT,NFC,0,False,4001370840_NFC,0.5702872173803897,11.2,6.387216834660364,6.387216834660364,61,70,0.655,9.751476083450937,3.3642592487905727
3001370885,MEXICAN MARINATED CHICKEN BREA,112.32,KGM,Ingredient,1001100021,CHICKEN CALIBRATED FILLET - YIELD: 20-30 %,KGM,95.0,14.1876295501858,0.0,95.0,1.0,4001370842,LIFE MARINATED CHICKEN BREAST 500G - MEXICAN (18*4*125GM),CRT,NFC,0,False,4001370842_NFC,0.8457977207977209,10.4,8.796296296296298,8.796296296296298,20,30,0.25,35.18518518518519,26.388888888888893
3001237137,SPICY ZINGER FILLETS CATERING,240.31,KGM,Ingredient,1001100024,CHICKEN CALIBRATED FILLET - YIELD: 51-60 %,KGM,144.2,0.0,0.0,144.2,1.0,4001370845,Cat Breaded Zingzzz Chicken Fillet (10*1*1000Gm),CRT,GFC,0,False,4001370845_GFC,0.600058258083309,13.51,8.106787066705506,8.106787066705506,51,60,0.555,14.606823543613523,6.500036476908017
3001370886,CHICKEN BREASTS ZINGER - CATERING,186.422,KGM,Ingredient,1001100024,CHICKEN CALIBRATED FILLET - YIELD: 51-60 %,KGM,109.0,13.3087752897299,0.0,109.0,1.0,4001370845,Cat Breaded Zingzzz Chicken Fillet (10*1*1000Gm),CRT,NFC,0,False,4001370845_NFC,0.5846949394384783,14.71,8.600862559140015,8.600862559140015,51,60,0.555,15.497049656108134,6.896187096968118
3001237093,AMERICANA ZINGZ FILLETS MIX,240.876,KGM,Ingredient,1001100026,CHICKEN CALIBRATED FILLET - YIELD: 71-80 %,KGM,144.89,0.0,0.0,144.89,1.0,4001370846,Zinz Chicken Fillets 1Kg (10*1*1000Gm),CRT,GFC,0,False,4001370846_GFC,0.6015128115710987,12.71,7.645227835068665,7.645227835068665,71,80,0.755,10.126129582872403,2.4809017478037383
3001370889,CRISPY SPICY CHICKEN BREAST,183.241,KGM,Ingredient,1001100025,CHICKEN CALIBRATED FILLET - YIELD: 61-70 %,KGM,104.5,13.0018730582722,0.0,104.5,1.0,4001370846,Zinz Chicken Fillets 1Kg (10*1*1000Gm),CRT,NFC,0,False,4001370846_NFC,0.5702872173803897,12.9,7.356705104207027,7.356705104207027,61,70,0.655,11.231610846117597,3.8749057419105704
3001237093,AMERICANA ZINGZ FILLETS MIX,240.876,KGM,Ingredient,1001100026,CHICKEN CALIBRATED FILLET - YIELD: 71-80 %,KGM,144.89,0.0,0.0,144.89,1.0,4001370852,HOT AND CRUNCHY CHICKEN FILLET 420G (18*1*420GM),CRT,GFC,0,False,4001370852_GFC,0.6015128115710987,10.86,6.532429133662132,6.532429133662132,71,80,0.755,8.652224018095538,2.1197948844334062
3001370889,CRISPY SPICY CHICKEN BREAST,183.241,KGM,Ingredient,1001100025,CHICKEN CALIBRATED FILLET - YIELD: 61-70 %,KGM,104.5,13.0018730582722,0.0,104.5,1.0,4001370852,HOT AND CRUNCHY CHICKEN FILLET 420G (18*1*420GM),CRT,NFC,0,False,4001370852_NFC,0.5702872173803897,11.36,6.4784627894412266,6.4784627894412266,61,70,0.655,9.890782884643093,3.412320095201866
3001370881,CHICKEN FILLET AND PANE COOK DOOR,185.99,KGM,Ingredient,1001100022,CHICKEN CALIBRATED FILLET - YIELD: 31-40 %,KGM,96.0,13.9401207089255,0.0,96.0,1.0,4001370854,CAT CHICKEN PANE 1KG (1*1* 1000GM),CRT,NFC,0,False,4001370854_NFC,0.5161567826227216,14.0,7.226194956718102,7.226194956718102,31,40,0.355,20.355478751318596,13.129283794600495
3001370880,SPICY CRISPY CHICKEN TENDER,169.21,KGM,Ingredient,1001100022,CHICKEN CALIBRATED FILLET - YIELD: 31-40 %,KGM,92.0,13.9401207089255,0.0,92.0,1.0,4001370857,CHICKEN CRUNCHY TENDER HOT (10*1*1000G),CRT,NFC,0,False,4001370857_NFC,0.543703090833875,13.5,7.339991726257312,7.339991726257312,31,40,0.355,20.67603303171074,13.336041305453428
3001370843,CATERING CRUNCHY FILLET 4OZ,196.48,KGM,Ingredient,1001100022,CHICKEN CALIBRATED FILLET - YIELD: 31-40 %,KGM,109.59,13.9401207089255,0.0,109.59,1.0,4001370862,CAT CRUNCHY CHICKEN FILLET 4 OZ (10*1*1000GM),CRT,NFC,0,False,4001370862_NFC,0.5577666938110749,14.585,8.135027229234527,8.135027229234527,31,40,0.355,22.91556965981557,14.780542430581043
3001370842,CAT SPICY CRUNCHY FILLET 4OZ,188.4,KGM,Ingredient,1001100022,CHICKEN CALIBRATED FILLET - YIELD: 31-40 %,KGM,109.59,13.9401207089255,0.0,109.59,1.0,4001370863,CAT SPICY AND CRUNCHY CHICKEN FILLET 4 OZ (10*1*1000GM),CRT,NFC,0,False,4001370863_NFC,0.581687898089172,15.0,8.72531847133758,8.72531847133758,31,40,0.355,24.578361891091777,15.853043419754197
3001370855,BONELESS CHICKEN PIECES,167.82,KGM,Ingredient,1001100023,CHICKEN CALIBRATED FILLET - YIELD: 41-50 %,KGM,96.0,13.6149584770838,0.0,96.0,1.0,4001370889,BONELESS CHICKEN WINGS (10*1*1000GM),CRT,NFC,0,False,4001370889_NFC,0.572041473006793,13.1,7.493743296388987,7.493743296388987,41,50,0.455,16.4697654865692,8.976022190180213
3001370967,EXTRA CRISPY REGULAR CHIC FILL,207.482,KGM,Ingredient,1001100021,CHICKEN CALIBRATED FILLET - YIELD: 20-30 %,KGM,114.55,14.1876295501858,0.0,114.55,1.0,4001370902,CAT EXTR CRSPY BRD CHKN FILLET(10*1*1000GM),CRT,NFC,0,False,4001370902_NFC,0.5520960854435565,17.09,9.43532210023038,9.43532210023038,20,30,0.25,37.74128840092152,28.30596630069114
3001370933,KUDU QUATRO SPICY FILLET,197.05,KGM,Ingredient,1001100023,CHICKEN CALIBRATED FILLET - YIELD: 41-50 %,KGM,108.7,13.6149584770838,0.0,108.7,1.0,4001370913,KUDU QUATRO SPICY FILLET (10*1*1000G),CRT,NFC,0,False,4001370913_NFC,0.5516366404465871,15.62,8.616564323775691,8.616564323775691,41,50,0.455,18.937504008298223,10.320939684522532
3001237109,SHISH TAWOUK AMERICANA MIX,573.327,KGM,Ingredient,1001100028,CHICKEN CALIBRATED FILLET - YIELD: 91-100%,KGM,422.94,0.0,0.0,422.94,1.0,4001371104,Shish Tawouk 500G (18*1*500Gm),CRT,GFC,0,False,4001371104_GFC,0.7376941954591358,12.4,9.147408023693284,9.147408023693284,91,100,0.955,9.5784377211448,0.43102969745151576
3001237109,SHISH TAWOUK AMERICANA MIX,573.327,KGM,Ingredient,1001100028,CHICKEN CALIBRATED FILLET - YIELD: 91-100%,KGM,422.94,0.0,0.0,422.94,1.0,4001371109,SHISH TAWOUK 400G (18*1*400GM),CRT,GFC,0,False,4001371109_GFC,0.7376941954591358,10.0,7.376941954591358,7.376941954591358,91,100,0.955,7.724546549310324,0.3476045947189652
3001237110,AMERICANA TANDOORI TIKKA MIX,550.7,KGM,Ingredient,1001100028,CHICKEN CALIBRATED FILLET - YIELD: 91-100%,KGM,394.28,0.0,0.0,394.28,1.0,4001371201,CHICKEN TIKKA 400G (18*1*400GM),CRT,GFC,0,False,4001371201_GFC,0.7159615035409478,9.4,6.73003813328491,6.73003813328491,91,100,0.955,7.0471603489894346,0.3171222157045248
3001237110,AMERICANA TANDOORI TIKKA MIX,550.7,KGM,Ingredient,1001100028,CHICKEN CALIBRATED FILLET - YIELD: 91-100%,KGM,394.28,0.0,0.0,394.28,1.0,4001371206,CHICKEN TIKKA 750G (10*1*750GM),CRT,GFC,0,False,4001371206_GFC,0.7159615035409478,10.4,7.445999636825857,7.445999636825857,91,100,0.955,7.796858258456395,0.3508586216305378
3001237109,SHISH TAWOUK AMERICANA MIX,573.327,KGM,Ingredient,1001100028,CHICKEN CALIBRATED FILLET - YIELD: 91-100%,KGM,422.94,0.0,0.0,422.94,1.0,4001371304,CHICKEN SHISH TAWOUK 750G (10*1*750GM),CRT,GFC,0,False,4001371304_GFC,0.7376941954591358,10.4,7.672019632775012,7.672019632775012,91,100,0.955,8.033528411282735,0.3615087785077229
3001237098,CHICKEN STRIPS REGULAR,227.12,KGM,Ingredient,1001100025,CHICKEN CALIBRATED FILLET - YIELD: 61-70 %,KGM,120.26,0.0,0.0,120.26,1.0,4001371504,Breaded Chicken Strips 750G (10*1*750Gm),CRT,GFC,0,False,4001371504_GFC,0.5294998238816485,9.21,4.876693377949983,4.876693377949983,61,70,0.655,7.445333401450355,2.5686400235003726
3001371593,REGULAR CHICKEN STRIPS,154.79,KGM,Ingredient,1001100025,CHICKEN CALIBRATED FILLET - YIELD: 61-70 %,KGM,100.0,13.0018730582722,0.0,100.0,1.0,4001371504,Breaded Chicken Strips 750G (10*1*750Gm),CRT,NFC,0,False,4001371504_NFC,0.646036565669617,7.58,4.896957167775697,4.896957167775697,61,70,0.655,7.476270485153735,2.5793133173780385
3001237096,CHICKEN STRIPS SPICY,219.13,KGM,Ingredient,1001100025,CHICKEN CALIBRATED FILLET - YIELD: 61-70 %,KGM,122.22,0.0,0.0,122.22,1.0,4001371505,Breaded Hot Chicken Strips 750G (10*1*750Gm),CRT,GFC,0,False,4001371505_GFC,0.5577511066490212,9.21,5.136887692237486,5.136887692237486,61,70,0.655,7.842576629370207,2.705688937132721
3001371565,SPICY CHICKEN STRIPS,154.96,KGM,Ingredient,1001100025,CHICKEN CALIBRATED FILLET - YIELD: 61-70 %,KGM,100.0,13.0018730582722,0.0,100.0,1.0,4001371505,Breaded Hot Chicken Strips 750G (10*1*750Gm),CRT,NFC,0,False,4001371505_NFC,0.6453278265358802,7.58,4.891584925141972,4.891584925141972,61,70,0.655,7.46806858800301,2.5764836628610386
3001237084,REG. CATERING CH. STRIPS,219.778,KGM,Ingredient,1001100024,CHICKEN CALIBRATED FILLET - YIELD: 51-60 %,KGM,124.64,0.0,0.0,124.64,1.0,4001371508,Cat Breaded Chicken Strips 1K (10*1*1000Gm),CRT,GFC,0,False,4001371508_GFC,0.5671177278890517,12.4,7.032259825824241,7.032259825824241,51,60,0.555,12.67073842490854,5.6384785990843
3001371597,REGULAR CHICKEN STRIPS CATERING,183.094,KGM,Ingredient,1001100023,CHICKEN CALIBRATED FILLET - YIELD: 41-50 %,KGM,109.0,13.6149584770838,0.0,109.0,1.0,4001371508,Cat Breaded Chicken Strips 1K (10*1*1000Gm),CRT,NFC,0,False,4001371508_NFC,0.5953226211672693,13.6,8.096387647874863,8.096387647874863,41,50,0.455,17.79425856675794,9.697870918883076
3001237085,HOT CATERING CH. STRIPS,218.26,KGM,Ingredient,1001100024,CHICKEN CALIBRATED FILLET - YIELD: 51-60 %,KGM,119.97,0.0,0.0,119.97,1.0,4001371509,Cat Breaded Hot Chicken Strips 1K (10*1*1000Gm),CRT,GFC,0,False,4001371509_GFC,0.5496655365160817,12.35,6.788369375973609,6.788369375973609,51,60,0.555,12.23129617292542,5.442926796951811
3001371598,SPICY CHICKEN STRIPS - CATERING,182.78,KGM,Ingredient,1001100023,CHICKEN CALIBRATED FILLET - YIELD: 41-50 %,KGM,109.0,13.6149584770838,0.0,109.0,1.0,4001371509,Cat Breaded Hot Chicken Strips 1K (10*1*1000Gm),CRT,NFC,0,False,4001371509_NFC,0.5963453331874384,14.0,8.348834664624139,8.348834664624139,41,50,0.455,18.349087174998107,10.000252510373969
3001371501,REGULAR EXTREME CRISPY RETAIL,197.83,KGM,Ingredient,1001100024,CHICKEN CALIBRATED FILLET - YIELD: 51-60 %,KGM,105.845,0.0,0.0,105.845,1.0,4001371511,XTREME CHEESE 700G (10*1*700G),CRT,GFC,0,False,4001371511_GFC,0.5350300763281605,8.7,4.654761664054996,4.654761664054996,51,60,0.555,8.386957953252244,3.7321962891972484
3001371501,REGULAR EXTREME CRISPY RETAIL,154.49,KGM,Ingredient,1001100024,CHICKEN CALIBRATED FILLET - YIELD: 51-60 %,KGM,100.0,13.3087752897299,0.0,100.0,1.0,4001371511,XTREME CHEESE 700G (10*1*700G),CRT,NFC,0,False,4001371511_NFC,0.6472910868017347,7.07,4.576347983688265,4.576347983688265,51,60,0.555,8.245672042681559,3.6693240589932934
3001371502,SPICY EXTREME CRISPY RETAIL,197.89,KGM,Ingredient,1001100024,CHICKEN CALIBRATED FILLET - YIELD: 51-60 %,KGM,97.29,0.0,0.0,97.29,1.0,4001371512,XTREME SPICY CHICKEN STRIPS (10*1*700G),CRT,GFC,0,False,4001371512_GFC,0.4916367679013594,9.0,4.424730911112235,4.424730911112235,51,60,0.555,7.972488128130152,3.5477572170179172
3001371502,SPICY EXTREME CRISPY RETAIL,152.23,KGM,Ingredient,1001100024,CHICKEN CALIBRATED FILLET - YIELD: 51-60 %,KGM,100.0,13.3087752897299,0.0,100.0,1.0,4001371512,XTREME SPICY CHICKEN STRIPS (10*1*700G),CRT,NFC,0,False,4001371512_NFC,0.6569007422978388,7.07,4.64428824804572,4.64428824804572,51,60,0.555,8.36808693341571,3.7237986853699905
3001371591,CHICKEN CHUNKY,184.48,KGM,Ingredient,1001100026,CHICKEN CALIBRATED FILLET - YIELD: 71-80 %,KGM,91.38,0.0,0.0,91.38,1.0,4001371514,CHICKEN CHUNKY LEMON PEPPER 750G (10*1*750GM),CRT,GFC,0,False,4001371514_GFC,0.4953382480485689,10.19,5.047496747614917,5.047496747614917,71,80,0.755,6.6854261557813475,1.6379294081664302
3001371591,CHICKEN CHUNKY,183.51,KGM,Ingredient,1001100026,CHICKEN CALIBRATED FILLET - YIELD: 71-80 %,KGM,96.0,12.7363041610259,0.0,96.0,1.0,4001371514,CHICKEN CHUNKY LEMON PEPPER 750G (10*1*750GM),CRT,NFC,0,False,4001371514_NFC,0.5231322543730588,10.4,5.440575445479811,5.440575445479811,71,80,0.755,7.206060192688492,1.7654847472086805
3001371599,MINI CHICKEN STRIPS WITH SPICE,153.15,KGM,Ingredient,1001100024,CHICKEN CALIBRATED FILLET - YIELD: 51-60 %,KGM,100.0,13.3087752897299,0.0,100.0,1.0,4001371537,Twisterzzz Chicken Strips 750G (10*1*750Gm),CRT,NFC,0,False,4001371537_NFC,0.652954619653934,7.37,4.812275546849493,48.60398302317988,51,60,0.555,87.57474418590968,38.9707611627298
3001371596,ROYAL CHICKEN STRIPS,148.69,KGM,Ingredient,1001100026,CHICKEN CALIBRATED FILLET - YIELD: 71-80 %,KGM,90.0,12.7363041610259,0.0,90.0,1.0,4001371538,ROYAL BREADED CHICKEN STRIPS 750G (10*1*750GM),CRT,NFC,0,False,4001371538_NFC,0.6052861658484094,7.58,4.588069137130944,4.588069137130944,71,80,0.755,6.076912764411846,1.488843627280902
3001371595,ROYAL SPICY CHICKEN STRIPS,148.67,KGM,Ingredient,1001100026,CHICKEN CALIBRATED FILLET - YIELD: 71-80 %,KGM,90.0,12.7363041610259,0.0,90.0,1.0,4001371539,ROYAL BREADED SPICY CHICKEN STRIPS 750G (10*1*750GM),CRT,NFC,0,False,4001371539_NFC,0.6053675926548733,7.58,4.58868635232394,4.58868635232394,71,80,0.755,6.077730267978728,1.489043915654788
3001371581,MINI CHICKEN STRIPS 320GM,193.102,KGM,Ingredient,1001100024,CHICKEN CALIBRATED FILLET - YIELD: 51-60 %,KGM,100.64,0.0,0.0,100.64,1.0,4001371540,BREADED CHICKEN STRIPS 320G (18*1*320GM),CRT,GFC,0,False,4001371540_GFC,0.5211753373864589,7.67,3.99741483775414,3.99741483775414,51,60,0.555,7.202549257214666,3.205134419460526
3001371581,MINI CHICKEN STRIPS 320GM,156.08,KGM,Ingredient,1001100024,CHICKEN CALIBRATED FILLET - YIELD: 51-60 %,KGM,98.7,13.3087752897299,0.0,98.7,1.0,4001371540,BREADED CHICKEN STRIPS 320G (18*1*320GM),CRT,NFC,0,False,4001371540_NFC,0.6323680164018451,5.82,3.680381855458739,3.680381855458739,51,60,0.555,6.631318658484214,2.950936803025475
3001371580,SPICE MINI CHICKEN STRIPS320GM,192.495,KGM,Ingredient,1001100024,CHICKEN CALIBRATED FILLET - YIELD: 51-60 %,KGM,100.35,0.0,0.0,100.35,1.0,4001371541,MINI BREADED ZINGZZZ CHICKEN STRIPS 320G (18*1*320GM),CRT,GFC,0,False,4001371541_GFC,0.5213122418764123,7.67,3.9984648951920825,3.9984648951920825,51,60,0.555,7.204441252598346,3.2059763574062634
3001371580,SPICE MINI CHICKEN STRIPS320GM,153.85,KGM,Ingredient,1001100024,CHICKEN CALIBRATED FILLET - YIELD: 51-60 %,KGM,98.7,13.3087752897299,0.0,98.7,1.0,4001371541,MINI BREADED ZINGZZZ CHICKEN STRIPS 320G (18*1*320GM),CRT,NFC,0,False,4001371541_NFC,0.6415339616509588,5.82,3.733727656808581,3.733727656808581,51,60,0.555,6.72743721947492,2.9937095626663393
3001371569,SUBWAY CHUNKS,167.229,KGM,Ingredient,1001100023,CHICKEN CALIBRATED FILLET - YIELD: 41-50 %,KGM,101.537,0.0,0.0,101.537,1.0,4001371547,SUBWAY CAT CHICKEN CHUNKS 1KG (10*1*1000GM),CRT,GFC,0,False,4001371547_GFC,0.6071733969586615,13.6,8.257558198637795,8.257558198637795,41,50,0.455,18.148479557445704,9.890921358807908
3001371569,SUBWAY CHUNKS,167.229,KGM,Ingredient,1001100023,CHICKEN CALIBRATED FILLET - YIELD: 41-50 %,KGM,101.537,13.6149584770838,0.0,101.537,1.0,4001371547,SUBWAY CAT CHICKEN CHUNKS 1KG (10*1*1000GM),CRT,NFC,0,False,4001371547_NFC,0.6071733969586615,13.6,8.257558198637795,8.257558198637795,41,50,0.455,18.148479557445704,9.890921358807908
3001371558,REGULAR EXTREME CRISPY[FAMILY),204.1,KGM,Ingredient,1001100024,CHICKEN CALIBRATED FILLET - YIELD: 51-60 %,KGM,110.77,0.0,0.0,110.77,1.0,4001371548,CAT EXTREME CHICKEN STRIPS CHEESE 1KG (10*1*1000GM),CRT,GFC,0,False,4001371548_GFC,0.5427241548260656,13.31,7.223658500734934,7.223658500734934,51,60,0.555,13.015600902225104,5.791942401490171
3001371558,REGULAR EXTREME CRISPY[FAMILY),202.299999999999,KGM,Ingredient,1001100022,CHICKEN CALIBRATED FILLET - YIELD: 31-40 %,KGM,107.3,13.9401207089255,0.0,107.3,1.0,4001371548,CAT EXTREME CHICKEN STRIPS CHEESE 1KG (10*1*1000GM),CRT,NFC,0,False,4001371548_NFC,0.5304003954523012,13.31,7.059629263470129,7.059629263470129,31,40,0.355,19.886279615408817,12.826650351938689
3001371559,SPICY EXTREME CRISPY (FAMILY),200.03,KGM,Ingredient,1001100024,CHICKEN CALIBRATED FILLET - YIELD: 51-60 %,KGM,109.62,0.0,0.0,109.62,1.0,4001371549,CAT EXTREME HOT CHICKEN STRIPS 1KG (10*1*1000GM),CRT,GFC,0,False,4001371549_GFC,0.5480177973304005,13.23,7.250275458681198,7.250275458681198,51,60,0.555,13.063559385011168,5.813283926329969
3001371559,SPICY EXTREME CRISPY (FAMILY),198.61,KGM,Ingredient,1001100022,CHICKEN CALIBRATED FILLET - YIELD: 31-40 %,KGM,107.3,13.9401207089255,0.0,107.3,1.0,4001371549,CAT EXTREME HOT CHICKEN STRIPS 1KG (10*1*1000GM),CRT,NFC,0,False,4001371549_NFC,0.5402547706560595,13.23,7.147570615779668,7.147570615779668,31,40,0.355,20.134001734590615,12.986431118810948
3001371501,REGULAR EXTREME CRISPY RETAIL,197.83,KGM,Ingredient,1001100024,CHICKEN CALIBRATED FILLET - YIELD: 51-60 %,KGM,105.845,0.0,0.0,105.845,1.0,4001371550,AMC XTREME CHICKEN STRIPS CHEESE BURST 300G(18*1*300GM),CRT,GFC,0,False,4001371550_GFC,0.5350300763281605,7.02,3.7559111358236863,3.7559111358236863,51,60,0.555,6.767407451934569,3.011496316110883
3001371501,REGULAR EXTREME CRISPY RETAIL,154.49,KGM,Ingredient,1001100024,CHICKEN CALIBRATED FILLET - YIELD: 51-60 %,KGM,100.0,13.3087752897299,0.0,100.0,1.0,4001371550,AMC XTREME CHICKEN STRIPS CHEESE BURST 300G(18*1*300GM),CRT,NFC,0,False,4001371550_NFC,0.6472910868017347,5.45,3.5277364230694546,3.5277364230694546,51,60,0.555,6.356281843368386,2.8285454202989313
3001371502,SPICY EXTREME CRISPY RETAIL,197.89,KGM,Ingredient,1001100024,CHICKEN CALIBRATED FILLET - YIELD: 51-60 %,KGM,97.29,0.0,0.0,97.29,1.0,4001371551,XTREME CHICKEN STRIPS FLAMIN' CHILI 300GM (18*1*300GM),CRT,GFC,0,False,4001371551_GFC,0.4916367679013594,6.98,3.431624639951489,3.431624639951489,51,60,0.555,6.183107459372051,2.7514828194205623
3001371502,SPICY EXTREME CRISPY RETAIL,152.23,KGM,Ingredient,1001100024,CHICKEN CALIBRATED FILLET - YIELD: 51-60 %,KGM,100.0,13.3087752897299,0.0,100.0,1.0,4001371551,XTREME CHICKEN STRIPS FLAMIN' CHILI 300GM (18*1*300GM),CRT,NFC,0,False,4001371551_NFC,0.6569007422978388,5.45,3.5801090455232214,3.5801090455232214,51,60,0.555,6.450646928870668,2.870537883347447
3001237098,CHICKEN STRIPS REGULAR,227.12,KGM,Ingredient,1001100025,CHICKEN CALIBRATED FILLET - YIELD: 61-70 %,KGM,120.26,0.0,0.0,120.26,1.0,4001371552,Chicken Strips Regular 1.5Kg*5,CRT,GFC,0,False,4001371552_GFC,0.5294998238816485,9.212,4.877752377597746,4.877752377597746,61,70,0.655,7.446950194805719,2.5691978172079732
3001237096,CHICKEN STRIPS SPICY,219.13,KGM,Ingredient,1001100025,CHICKEN CALIBRATED FILLET - YIELD: 61-70 %,KGM,122.22,0.0,0.0,122.22,1.0,4001371553,Chicken Strips Spicy 1.5Kg*5,CRT,GFC,0,False,4001371553_GFC,0.5577511066490212,9.212,5.138003194450783,5.138003194450783,61,70,0.655,7.844279686184401,2.706276491733618
3001237098,CHICKEN STRIPS REGULAR,227.12,KGM,Ingredient,1001100025,CHICKEN CALIBRATED FILLET - YIELD: 61-70 %,KGM,120.26,0.0,0.0,120.26,1.0,4001371554,CHICKEN STRIPS 10*1 KG,CRT,GFC,0,False,4001371554_GFC,0.5294998238816485,12.25,6.486372842550194,6.486372842550194,61,70,0.655,9.90285930160335,3.4164864590531554
3001237096,CHICKEN STRIPS SPICY,219.13,KGM,Ingredient,1001100025,CHICKEN CALIBRATED FILLET - YIELD: 61-70 %,KGM,122.22,0.0,0.0,122.22,1.0,4001371555,CHICKEN STRIPS SPICY 10*1 KG,CRT,GFC,0,False,4001371555_GFC,0.5577511066490212,12.25,6.832451056450509,6.832451056450509,61,70,0.655,10.431222986947342,3.5987719304968326
3001237084,REG. CATERING CH. STRIPS,219.778,KGM,Ingredient,1001100024,CHICKEN CALIBRATED FILLET - YIELD: 51-60 %,KGM,124.64,0.0,0.0,124.64,1.0,4001371574,CAT BR CHICKEN STRIPS 1K (10*1*1000GM) FS PACK,CRT,GFC,0,False,4001371574_GFC,0.5671177278890517,12.92,7.327161044326548,7.327161044326548,51,60,0.555,13.202091971759545,5.874930927432997
3001237096,CHICKEN STRIPS SPICY,219.13,KGM,Ingredient,1001100025,CHICKEN CALIBRATED FILLET - YIELD: 61-70 %,KGM,122.22,0.0,0.0,122.22,1.0,4001371580,CH. SPICY. STRIPS (R ) 15 KG,CRT,GFC,0,False,4001371580_GFC,0.5577511066490212,15.0,8.366266599735317,8.366266599735317,61,70,0.655,12.772926106466132,4.406659506730815
3001237098,CHICKEN STRIPS REGULAR,227.12,KGM,Ingredient,1001100025,CHICKEN CALIBRATED FILLET - YIELD: 61-70 %,KGM,120.26,0.0,0.0,120.26,1.0,4001371581,CH. REG. STRIPS (R ) 15 KG,CRT,GFC,0,False,4001371581_GFC,0.5294998238816485,15.0,7.942497358224728,7.942497358224728,61,70,0.655,12.125950165228591,4.183452807003864
3001237096,CHICKEN STRIPS SPICY,219.13,KGM,Ingredient,1001100025,CHICKEN CALIBRATED FILLET - YIELD: 61-70 %,KGM,122.22,0.0,0.0,122.22,1.0,4001371590,IKEA PL COOKED SPICY CHICKEN STRIPS 750G (10*1*750GM),CRT,GFC,0,False,4001371590_GFC,0.5577511066490212,9.4,5.242860402500799,5.242860402500799,61,70,0.655,8.004367026718777,2.7615066242179775
3001237096,CHICKEN STRIPS SPICY,219.13,KGM,Ingredient,1001100025,CHICKEN CALIBRATED FILLET - YIELD: 61-70 %,KGM,122.22,0.0,0.0,122.22,1.0,4001371781,CAT SPICY CHICKEN CHUNKY STRIPS 1KG (15*1*1000GM),CRT,GFC,0,False,4001371781_GFC,0.5577511066490212,15.5,8.645142153059828,8.645142153059828,61,70,0.655,13.198690310015003,4.553548156955175
3001237137,SPICY ZINGER FILLETS CATERING,240.31,KGM,Ingredient,1001100024,CHICKEN CALIBRATED FILLET - YIELD: 51-60 %,KGM,144.2,0.0,0.0,144.2,1.0,4001371881,CAT HOT & CRUNCH BR CHICKEN FILLET 1KG UAE (15*1*1000GM) RW,CRT,GFC,0,False,4001371881_GFC,0.600058258083309,15.0,9.000873871249636,9.000873871249636,51,60,0.555,16.217790759008352,7.216916887758716
4001380893,CAT CHICKEN BREAST 6 OZ (4*15*170G) FS PACK,1.0,CRT,Ingredient,1001100022,CHICKEN CALIBRATED FILLET - YIELD: 31-40 %,KGM,9.524,1.08234524441383,0.0,9.524,0.0,4001380893,CAT CHICKEN BREAST 6 OZ (4*15*170G) FS PACK,CRT,KFC,0,False,4001380893_KFC,9.524,1.0,9.524,9.524,31,40,0.355,26.828169014084505,17.304169014084508
3001237137,SPICY ZINGER FILLETS CATERING,240.31,KGM,Ingredient,1001100024,CHICKEN CALIBRATED FILLET - YIELD: 51-60 %,KGM,144.2,0.0,0.0,144.2,1.0,4001380896,CAT ZINGER BR CHICKEN FILLET 1 KG (10*1*1000G) FS PACK,CRT,GFC,0,False,4001380896_GFC,0.600058258083309,14.014,8.409216428779493,8.409216428779493,51,60,0.555,15.1517413131162,6.742524884336708
3001370886,CHICKEN BREASTS ZINGER - CATERING,186.422,KGM,Ingredient,1001100024,CHICKEN CALIBRATED FILLET - YIELD: 51-60 %,KGM,109.0,13.3087752897299,0.0,109.0,1.0,4001380896,CAT ZINGER BR CHICKEN FILLET 1 KG (10*1*1000G) FS PACK,CRT,NFC,0,False,4001380896_NFC,0.5846949394384783,14.3,8.36113763397024,8.36113763397024,51,60,0.555,15.06511285400043,6.703975220030191
3001237099,REG. HARDEE'S FILLET MIX,554.0,KGM,Ingredient,1001100024,CHICKEN CALIBRATED FILLET - YIELD: 51-60 %,KGM,378.0,0.0,0.0,378.0,1.0,4001470103,HARDEES REG BREADED CHICKEN FILLET (10*1*860GM),CRT,GFC,0,False,4001470103_GFC,0.6823104693140795,11.3,7.710108303249099,7.710108303249099,51,60,0.555,13.892087032881257,6.181978729632158
4001470114,TGI CHICKEN BREAST 4 OZ (10*1*1000G),1.0,CRT,Ingredient,1001100022,CHICKEN CALIBRATED FILLET - YIELD: 31-40 %,KGM,9.25,1.08234524441383,0.0,9.25,0.0,4001470114,TGI CHICKEN BREAST 4 OZ (10*1*1000G),CRT,KFC,0,False,4001470114_KFC,9.25,1.0,9.25,9.25,31,40,0.355,26.056338028169016,16.806338028169016
3001470196,TJI MARINATED CHICKEN BREAST,156.15,KGM,Ingredient,1001100022,CHICKEN CALIBRATED FILLET - YIELD: 31-40 %,KGM,131.0,13.9401207089255,0.0,131.0,1.0,4001470114,TGI CHICKEN BREAST 4 OZ (10*1*1000G),CRT,NFC,0,False,4001470114_NFC,0.8389369196285622,11.78,9.88267691322446,9.88267691322446,31,40,0.355,27.83852651612524,17.955849602900777
4001470116,TGI CHICKEN TENDERLOIN 1KG (10*1*1000GM),1.0,CRT,Ingredient,1001100021,CHICKEN CALIBRATED FILLET - YIELD: 20-30 %,KGM,10.0,1.10563294466028,0.0,10.0,0.0,4001470116,TGI CHICKEN TENDERLOIN 1KG (10*1*1000GM),CRT,KFC,0,False,4001470116_KFC,10.0,1.0,10.0,10.0,20,30,0.25,40.0,30.0
3001490841,TGI CHICKEN TENDERLOIN MIX,161.148,KGM,Ingredient,1001100020,CHICKEN CALIBRATED FILLET - YIELD: 10-19%,KGM,136.0,14.5146976511936,0.0,136.0,1.0,4001470116,TGI CHICKEN TENDERLOIN 1KG (10*1*1000GM),CRT,NFC,0,False,4001470116_NFC,0.8439446968004567,11.765,9.929009357857373,9.929009357857373,10,19,0.145,68.47592660591292,58.54691724805554
3001470198,HARDEE'S REG. DRUM BREADED TEN,175.16,KGM,Ingredient,1001100021,CHICKEN CALIBRATED FILLET - YIELD: 20-30 %,KGM,94.78,0.0,0.0,94.78,1.0,4001470128,HARDEES DRUM BREADED CHICKEN TENDER (10*1*1000G),CRT,GFC,0,False,4001470128_GFC,0.541105275176981,15.1,8.170689655172414,8.170689655172414,20,30,0.25,32.682758620689654,24.51206896551724
3001471154,HARDEES RAW REGULAR FILLET,370.2,KGM,Ingredient,1001100021,CHICKEN CALIBRATED FILLET - YIELD: 20-30 %,KGM,348.0,14.1876295501858,0.0,348.0,1.0,4001471109,Hardees Marinated Regular Fillet (5*2000GM),CRT,NFC,0,False,4001471109_NFC,0.940032414910859,11.763,11.057601296596436,11.057601296596436,20,30,0.25,44.230405186385745,33.17280388978931
3001471168,HARDEES RAW ZINGER FILLET,394.1,KGM,Ingredient,1001100021,CHICKEN CALIBRATED FILLET - YIELD: 20-30 %,KGM,348.0,14.1876295501858,0.0,348.0,1.0,4001471110,Hardees Chicken Zinger Marinated Fillet (5*2000GM),CRT,NFC,0,False,4001471110_NFC,0.883024613042375,12.452,10.995422481603654,10.995422481603654,20,30,0.25,43.98168992641462,32.98626744481096
3001471099,CHICKEN DRUMS,339.2,KGM,Ingredient,1001100023,CHICKEN CALIBRATED FILLET - YIELD: 41-50 %,KGM,317.0,0.0,0.0,317.0,1.0,4001471111,HARDEES RAW REGULAR TENDER (10*1*1000G),CRT,GFC,0,False,4001471111_GFC,0.9345518867924528,11.5857,10.82743779481132,10.82743779481132,41,50,0.455,23.796566582002903,12.969128787191583
3001471066,HARDEES RAW ZINGER TENDER,363.1,KGM,Ingredient,1001100023,CHICKEN CALIBRATED FILLET - YIELD: 41-50 %,KGM,317.0,0.0,0.0,317.0,1.0,4001471112,HARDEES CH ZINGER MARINATED TENDER,CRT,GFC,0,False,4001471112_GFC,0.8730377306527127,12.4179,10.84129523547232,10.84129523547232,41,50,0.455,23.82702249554356,12.98572726007124
3001490840,TGI CHICKEN STRIPS MIX,148.148,KGM,Ingredient,1001100027,CHICKEN CALIBRATED FILLET - YIELD: 81-90%,KGM,123.0,12.3939792017777,0.0,123.0,1.0,4001471501,TGI CHICKEN STRIPS 1KG (10*1*1000GM),CRT,NFC,0,False,4001471501_NFC,0.8302508302508302,11.2,9.298809298809298,9.298809298809298,81,90,0.855,10.875800349484559,1.576991050675261
3001471599,BONELESS CHICKEN PIECES PIZZA HUT,159.77,KGM,Ingredient,1001100023,CHICKEN CALIBRATED FILLET - YIELD: 41-50 %,KGM,83.0,0.0,0.0,83.0,1.0,4001471502,PIZZA HOT BONELESS CHICKEN WINGS (10*1*1200G),CRT,GFC,0,False,4001471502_GFC,0.519496776616386,14.74,7.65738248732553,7.65738248732553,41,50,0.455,16.82941206005611,9.17202957273058
3001237093,AMERICANA ZINGZ FILLETS MIX,240.876,KGM,Ingredient,1001100026,CHICKEN CALIBRATED FILLET - YIELD: 71-80 %,KGM,144.89,0.0,0.0,144.89,1.0,4001971948,ZINGZ CHICKEN FILLET VALUE PACK 2000gm(5*1*2000gm),CRT,GFC,0,False,4001971948_GFC,0.6015128115710987,12.51,7.5249252727544444,7.5249252727544444,71,80,0.755,9.966788440734364,2.4418631679799194
3001490805,XTREME BONELESS WINGS FLAMIN CHILLI MIX,184.9,KGM,Ingredient,1001100024,CHICKEN CALIBRATED FILLET - YIELD: 51-60 %,KGM,97.79,0.0,0.0,97.79,1.0,4001971958,XTREME FLAMIN CHILLI BONELESS CHICKEN WINGS 320GM (18*1*320GM),CRT,GFC,0,False,4001971958_GFC,0.5288804759329367,7.25,3.834383450513792,3.834383450513792,51,60,0.555,6.90879900993476,3.074415559420968
3001490805,XTREME BONELESS WINGS FLAMIN CHILLI MIX,184.9,KGM,Ingredient,1001100024,CHICKEN CALIBRATED FILLET - YIELD: 51-60 %,KGM,97.79,13.3087752897299,0.0,97.79,1.0,4001971958,XTREME FLAMIN CHILLI BONELESS CHICKEN WINGS 320GM (18*1*320GM),CRT,NFC,0,False,4001971958_NFC,0.5288804759329367,7.25,3.834383450513792,3.834383450513792,51,60,0.555,6.90879900993476,3.074415559420968
3001490806,XTREME FILLET FLAMIN CHILLI MIX,194.98,KGM,Ingredient,1001100024,CHICKEN CALIBRATED FILLET - YIELD: 51-60 %,KGM,109.76,0.0,0.0,109.76,1.0,4001971961,XTREME FLAMING CHILLI BREADED CHICKEN FILLET 700GM (10*1*700GM),CRT,GFC,0,False,4001971961_GFC,0.5629295312339728,10.28,5.78691558108524,5.78691558108524,51,60,0.555,10.426874920874305,4.639959339789065
3001490806,XTREME FILLET FLAMIN CHILLI MIX,189.66,KGM,Ingredient,1001100024,CHICKEN CALIBRATED FILLET - YIELD: 51-60 %,KGM,106.0,13.3087752897299,0.0,106.0,1.0,4001971961,XTREME FLAMING CHILLI BREADED CHICKEN FILLET 700GM (10*1*700GM),CRT,NFC,0,False,4001971961_NFC,0.5588948644943583,10.6,5.924285563640198,5.924285563640198,51,60,0.555,10.67438840295531,4.750102839315113
3001490807,XTREME BONELESS WINGS CHEESE BURST MIX,184.6,KGM,Ingredient,1001100024,CHICKEN CALIBRATED FILLET - YIELD: 51-60 %,KGM,97.79,0.0,0.0,97.79,1.0,4001971962,XTREME CHEESE BURST BONELESS CHICKEN WINGS 320GM (18*1*320GM),CRT,GFC,0,False,4001971962_GFC,0.5297399783315276,7.23,3.830020043336945,3.830020043336945,51,60,0.555,6.900937015021522,3.070916971684577
3001490807,XTREME BONELESS WINGS CHEESE BURST MIX,184.6,KGM,Ingredient,1001100024,CHICKEN CALIBRATED FILLET - YIELD: 51-60 %,KGM,97.79,13.3087752897299,0.0,97.79,1.0,4001971962,XTREME CHEESE BURST BONELESS CHICKEN WINGS 320GM (18*1*320GM),CRT,NFC,0,False,4001971962_NFC,0.5297399783315276,7.23,3.830020043336945,3.830020043336945,51,60,0.555,6.900937015021522,3.070916971684577
3001490808,XTREME FILLET CHEESE BURST MIX,217.72,KGM,Ingredient,1001100024,CHICKEN CALIBRATED FILLET - YIELD: 51-60 %,KGM,115.26,0.0,0.0,115.26,1.0,4001971965,XTREME CHEESE BURST BREADED CHICKEN FILLET 700GM (10*1*700GM),CRT,GFC,0,False,4001971965_GFC,0.5293955539224693,10.39,5.500419805254456,5.500419805254456,51,60,0.555,9.910666315773794,4.410246510519338
3001490808,XTREME FILLET CHEESE BURST MIX,189.62,KGM,Ingredient,1001100024,CHICKEN CALIBRATED FILLET - YIELD: 51-60 %,KGM,106.0,13.3087752897299,0.0,106.0,1.0,4001971965,XTREME CHEESE BURST BREADED CHICKEN FILLET 700GM (10*1*700GM),CRT,NFC,0,False,4001971965_NFC,0.559012762366839,10.6,5.925535281088493,5.925535281088493,51,60,0.555,10.676640146105392,4.751104865016899
3001490813,CRUNCHY FILLET CHICKEN BURGER REG  MIX,203.108,KGM,Ingredient,1001100023,CHICKEN CALIBRATED FILLET - YIELD: 41-50 %,KGM,111.61,0.0,0.0,111.61,1.0,4001971992,CRUNCHY FILLLET CHICKEN BURGER 4PCS (18*4*110GM),CRT,GFC,0,False,4001971992_GFC,0.5495106051952655,9.75,5.357728400653839,5.357728400653839,41,50,0.455,11.77522725418426,6.417498853530422
3001490813,CRUNCHY FILLET CHICKEN BURGER REG  MIX,199.8,KGM,Ingredient,1001100023,CHICKEN CALIBRATED FILLET - YIELD: 41-50 %,KGM,114.6,13.6149584770838,0.0,114.6,1.0,4001971992,CRUNCHY FILLLET CHICKEN BURGER 4PCS (18*4*110GM),CRT,NFC,0,False,4001971992_NFC,0.5735735735735735,10.32,5.919279279279279,5.919279279279279,41,50,0.455,13.00940500940501,7.09012573012573
3001490814,CRUNCHY FILLET CHICKEN BURGER SPICY MIX,204.55,KGM,Ingredient,1001100023,CHICKEN CALIBRATED FILLET - YIELD: 41-50 %,KGM,113.49,0.0,0.0,113.49,1.0,4001971993,CRUNCHY ZING FILLLET CHICKEN BURGER 4PCS (18*4*110GM),CRT,GFC,0,False,4001971993_GFC,0.5548276704962112,10.05,5.576018088486923,5.576018088486923,41,50,0.455,12.25498480986137,6.678966721374446
3001490814,CRUNCHY FILLET CHICKEN BURGER SPICY MIX,202.7,KGM,Ingredient,1001100023,CHICKEN CALIBRATED FILLET - YIELD: 41-50 %,KGM,114.6,13.6149584770838,0.0,114.6,1.0,4001971993,CRUNCHY ZING FILLLET CHICKEN BURGER 4PCS (18*4*110GM),CRT,NFC,0,False,4001971993_NFC,0.5653675382338431,10.275,5.809151455352739,5.809151455352739,41,50,0.455,12.767365835940085,6.958214380587346
3001490831,DEEP FRIES 4 Oz CHICKEN FILLET MIX,145.4,KGM,Ingredient,1001100022,CHICKEN CALIBRATED FILLET - YIELD: 31-40 %,KGM,118.0,13.9401207089255,0.0,118.0,1.0,4001972032,Deep Fries 4 Oz Chicken Fillet(1Kg*10),CRT,NFC,0,False,4001972032_NFC,0.811554332874828,11.75,9.535763411279229,9.535763411279229,31,40,0.355,26.861305383885153,17.325541972605926
3001490833,AIR FRYER REGULAR CHICKEN STRIPS MIX,194.83,KGM,Ingredient,1001100024,CHICKEN CALIBRATED FILLET - YIELD: 51-60 %,KGM,98.11,0.0,0.0,98.11,1.0,4001972038,AIR FRYER REGULAR STRIPS(700*1*10),CRT,GFC,0,False,4001972038_GFC,0.5035672124416157,8.71,4.386070420366473,4.386070420366473,51,60,0.555,7.902829586245897,3.5167591658794235
3001490833,AIR FRYER REGULAR CHICKEN STRIPS MIX,157.3,KGM,Ingredient,1001100024,CHICKEN CALIBRATED FILLET - YIELD: 51-60 %,KGM,100.0,13.3087752897299,0.0,100.0,1.0,4001972038,AIR FRYER REGULAR STRIPS(700*1*10),CRT,NFC,0,False,4001972038_NFC,0.6357279084551811,7.07,4.494596312778131,4.494596312778131,51,60,0.555,8.09837173473537,3.6037754219572387
3001490834,AIR FRYER SPICY CHICKEN STRIPS MIX,193.39,KGM,Ingredient,1001100024,CHICKEN CALIBRATED FILLET - YIELD: 51-60 %,KGM,97.99,0.0,0.0,97.99,1.0,4001972039,AIR FRYER SPICY STRIPS(700*1*10),CRT,GFC,0,False,4001972039_GFC,0.5066963131495941,9.016,4.56837395935674,4.56837395935674,51,60,0.555,8.231304431273404,3.662930471916664
3001490834,AIR FRYER SPICY CHICKEN STRIPS MIX,155.06,KGM,Ingredient,1001100024,CHICKEN CALIBRATED FILLET - YIELD: 51-60 %,KGM,100.0,13.3087752897299,0.0,100.0,1.0,4001972039,AIR FRYER SPICY STRIPS(700*1*10),CRT,NFC,0,False,4001972039_NFC,0.6449116471043467,7.07,4.559525345027732,4.559525345027732,51,60,0.555,8.21536098203195,3.655835637004217
3001490835,SPICY CHICKEN BITES MIX,202.7,KGM,Ingredient,1001100022,CHICKEN CALIBRATED FILLET - YIELD: 31-40 %,KGM,108.7,13.9401207089255,0.0,108.7,1.0,4001972040,SPICY CHICKEN BITES CATERING,CRT,NFC,0,False,4001972040_NFC,0.5362604834731131,13.0,6.971386285150469,6.971386285150469,31,40,0.355,19.63770784549428,12.66632156034381
3001490836,STEAK HOUSE 5 Oz NEW MIX,145.12,KGM,Ingredient,1001100023,CHICKEN CALIBRATED FILLET - YIELD: 41-50 %,KGM,118.0,13.6149584770838,0.0,118.0,1.0,4001972043,STEAK HOUSE FILLET 5 OZ 1*10,CRT,NFC,0,False,4001972043_NFC,0.8131201764057332,11.75,9.554162072767364,9.554162072767364,41,50,0.455,20.998158401686513,11.44399632891915
3001490843,PREMIUM CHICKEN FILLET 6 Oz MIX,145.4,KGM,Ingredient,1001100023,CHICKEN CALIBRATED FILLET - YIELD: 41-50 %,KGM,118.0,13.6149584770838,0.0,118.0,1.0,4001972062,PREMIUM CHICKEN FILLET 6 Oz(1KG*10),CRT,NFC,0,False,4001972062_NFC,0.811554332874828,11.6,9.414030261348003,9.414030261348003,41,50,0.455,20.69017639856704,11.276146137219037
3001370886,CHICKEN BREASTS ZINGER - CATERING,186.422,KGM,Ingredient,1001100024,CHICKEN CALIBRATED FILLET - YIELD: 51-60 %,KGM,109.0,13.3087752897299,0.0,109.0,1.0,4001972074,CAT HOT & CRUNCHY BR CHICKEN FILLET 1KG KSA (15*1*1000GM) RW,CRT,NFC,0,False,4001972074_NFC,0.5846949394384783,16.0,9.355119031015652,9.355119031015652,51,60,0.555,16.856070326154327,7.500951295138675
3001490851,ARBY'S REGULAR BREADED FILLET MIX,186.7,KGM,Ingredient,1001100022,CHICKEN CALIBRATED FILLET - YIELD: 31-40 %,KGM,109.0,13.9401207089255,0.0,109.0,1.0,4001972077,ARBY'S REGULAR BREADED FILLET 1KG*10,CRT,NFC,0,False,4001972077_NFC,0.5838243170862346,13.0,7.58971612212105,7.58971612212105,31,40,0.355,21.379482034143805,13.789765912022755
3001490852,ARBY'S REGULAR BREADED TENDER MIX,183.1,KGM,Ingredient,1001100023,CHICKEN CALIBRATED FILLET - YIELD: 41-50 %,KGM,108.0,13.6149584770838,0.0,108.0,1.0,4001972078,ARBY'S REGULAR BREADED TENDER 1KG*10,CRT,NFC,0,False,4001972078_NFC,0.5898416166029492,13.2,7.785909339158929,7.785909339158929,41,50,0.455,17.111888657492152,9.325979318333223
3001237109,SHISH TAWOUK AMERICANA MIX,573.327,KGM,Ingredient,1001100028,CHICKEN CALIBRATED FILLET - YIELD: 91-100%,KGM,422.94,0.0,0.0,422.94,1.0,4001972093,SHISH TAWOUK 18*400 IRAQ,CRT,GFC,0,False,4001972093_GFC,0.7376941954591358,10.0,7.376941954591358,7.376941954591358,91,100,0.955,7.724546549310324,0.3476045947189652
3001237110,AMERICANA TANDOORI TIKKA MIX,550.7,KGM,Ingredient,1001100028,CHICKEN CALIBRATED FILLET - YIELD: 91-100%,KGM,394.28,0.0,0.0,394.28,1.0,4001972094,CHICKEN TIKKA 18*400 IRAQ,CRT,GFC,0,False,4001972094_GFC,0.7159615035409478,9.4,6.73003813328491,6.73003813328491,91,100,0.955,7.0471603489894346,0.3171222157045248
3001490865,ASIAN BREADED CHICKEN FILLET MIX,186.537,KGM,Ingredient,1001100024,CHICKEN CALIBRATED FILLET - YIELD: 51-60 %,KGM,103.845,0.0,0.0,103.845,1.0,4001972101,ASIAN BREADED CHICKEN FILLET 700*1*10,CRT,GFC,0,False,4001972101_GFC,0.5566992071278084,9.03,5.02699384036411,5.02699384036411,51,60,0.555,9.057646559214612,4.030652718850503
3001490865,ASIAN BREADED CHICKEN FILLET MIX,186.537,KGM,Ingredient,1001100024,CHICKEN CALIBRATED FILLET - YIELD: 51-60 %,KGM,103.845,0.0,0.0,103.845,1.0,4001972102,ASIAN BREADED CHICKEN FILLET 1000*1*10,CRT,GFC,0,False,4001972102_GFC,0.5566992071278084,12.9,7.181419771948729,7.181419771948729,51,60,0.555,12.939495084592304,5.758075312643575
3001371593,REGULAR CHICKEN STRIPS,154.79,KGM,Ingredient,1001100025,CHICKEN CALIBRATED FILLET - YIELD: 61-70 %,KGM,100.0,13.0018730582722,0.0,100.0,1.0,4001972128,DSC AMC REG BREADED STRIPS 1KG*10 BAGS,CRT,NFC,0,False,4001972128_NFC,0.646036565669617,12.53,8.094838167840301,8.094838167840301,61,70,0.655,12.358531553954657,4.263693386114356
3001371565,SPICY CHICKEN STRIPS,154.96,KGM,Ingredient,1001100025,CHICKEN CALIBRATED FILLET - YIELD: 61-70 %,KGM,100.0,13.0018730582722,0.0,100.0,1.0,4001972129,DSC AMC ZINGZ BREADED STRIPS 1KG*10 BAGS,CRT,NFC,0,False,4001972129_NFC,0.6453278265358802,12.6,8.13113061435209,8.13113061435209,61,70,0.655,12.413939869239831,4.2828092548877414
3001490869,KUDU CHICKEN BONELESS WINGS MIX,167.82,KGM,Ingredient,1001100023,CHICKEN CALIBRATED FILLET - YIELD: 41-50 %,KGM,96.0,13.6149584770838,0.0,96.0,1.0,4001972135,KUDU CHICKEN BONELESS WINGS  1*10,CRT,NFC,0,False,4001972135_NFC,0.572041473006793,14.7,8.409009653199856,8.409009653199856,41,50,0.455,18.48133989714254,10.072330243942684
3001371597,REGULAR CHICKEN STRIPS CATERING,183.094,KGM,Ingredient,1001100023,CHICKEN CALIBRATED FILLET - YIELD: 41-50 %,KGM,109.0,13.6149584770838,0.0,109.0,1.0,4001972141,SERAN REGULAR CHICKEN STRIPS 1 KG*10,CRT,NFC,0,False,4001972141_NFC,0.5953226211672693,13.6,8.096387647874863,8.096387647874863,41,50,0.455,17.79425856675794,9.697870918883076
3001371598,SPICY CHICKEN STRIPS - CATERING,182.78,KGM,Ingredient,1001100023,CHICKEN CALIBRATED FILLET - YIELD: 41-50 %,KGM,109.0,13.6149584770838,0.0,109.0,1.0,4001972142,SERAN SPICY CHICKEN STRIPS 1 KG*10,CRT,NFC,0,False,4001972142_NFC,0.5963453331874384,14.0,8.348834664624139,8.348834664624139,41,50,0.455,18.349087174998107,10.000252510373969
3001370871,CHICKEN FILLET CATERING,607.075,KGM,Ingredient,1001100023,CHICKEN CALIBRATED FILLET - YIELD: 41-50 %,KGM,347.0,13.6149584770838,0.0,347.0,1.0,4001972143,SERAN REGULAR CHICKEN FILLET 1 KG*10,CRT,NFC,0,False,4001972143_NFC,0.5715932957212865,13.82,7.8994193468681795,7.8994193468681795,41,50,0.455,17.361361201908085,9.461941855039907
3001237093,AMERICANA ZINGZ FILLETS MIX,240.876,KGM,Ingredient,1001100026,CHICKEN CALIBRATED FILLET - YIELD: 71-80 %,KGM,144.89,0.0,0.0,144.89,1.0,4001972146,AMC ZINGZ CHICKEN FILLET 700g (10*1*700gm),CRT,GFC,0,False,4001972146_GFC,0.6015128115710987,8.3076,4.99712783340806,4.99712783340806,71,80,0.755,6.61871236212988,1.6215845287218205
3001370886,CHICKEN BREASTS ZINGER - CATERING,186.422,KGM,Ingredient,1001100024,CHICKEN CALIBRATED FILLET - YIELD: 51-60 %,KGM,109.0,13.3087752897299,0.0,109.0,3.0,4001972159,CAT ROYAL HOT BREADED CHICKEN BURGER 1KG FS PACK (15*1*1000GM),CRT,NFC,0,False,4001972159_NFC,0.5846949394384783,0.0833333333333333,0.0487245782865398,2.0779579905909085e-07,51,60,0.555,3.74406845151515e-07,1.6661104609242415e-07
3001370889,CRISPY SPICY CHICKEN BREAST,183.241,KGM,Ingredient,1001100025,CHICKEN CALIBRATED FILLET - YIELD: 61-70 %,KGM,104.5,13.0018730582722,0.0,104.5,3.0,4001972159,CAT ROYAL HOT BREADED CHICKEN BURGER 1KG FS PACK (15*1*1000GM),CRT,NFC,0,False,4001972159_NFC,0.5702872173803897,0.0833333333333333,0.0475239347816991,1.407468142258819e-09,61,70,0.655,2.1488063240592655e-09,7.413381818004465e-10
3001371565,SPICY CHICKEN STRIPS,154.96,KGM,Ingredient,1001100025,CHICKEN CALIBRATED FILLET - YIELD: 61-70 %,KGM,100.0,13.0018730582722,0.0,100.0,3.0,4001972159,CAT ROYAL HOT BREADED CHICKEN BURGER 1KG FS PACK (15*1*1000GM),CRT,NFC,0,False,4001972159_NFC,0.6453278265358802,0.0833333333333333,0.05377731887799,1.3272235601657983e-10,61,70,0.655,2.0262955117035088e-10,6.990719515377105e-11
3001371598,SPICY CHICKEN STRIPS - CATERING,182.78,KGM,Ingredient,1001100023,CHICKEN CALIBRATED FILLET - YIELD: 41-50 %,KGM,109.0,13.6149584770838,0.0,109.0,3.0,4001972159,CAT ROYAL HOT BREADED CHICKEN BURGER 1KG FS PACK (15*1*1000GM),CRT,NFC,0,False,4001972159_NFC,0.5963453331874384,0.0833333333333333,0.0496954444322865,1.0220691247346008e-11,41,50,0.455,2.2463057686474744e-11,1.2242366439128736e-11
3001370886,CHICKEN BREASTS ZINGER - CATERING,186.422,KGM,Ingredient,1001100024,CHICKEN CALIBRATED FILLET - YIELD: 51-60 %,KGM,109.0,13.3087752897299,0.0,109.0,3.0,4001972168,HOT BURGER UAE (15X1X1000 G),CRT,NFC,0,False,4001972168_NFC,0.5846949394384783,0.0833333333333333,0.0487245782865398,2.0779579905909085e-07,51,60,0.555,3.74406845151515e-07,1.6661104609242415e-07
3001370889,CRISPY SPICY CHICKEN BREAST,183.241,KGM,Ingredient,1001100025,CHICKEN CALIBRATED FILLET - YIELD: 61-70 %,KGM,104.5,13.0018730582722,0.0,104.5,3.0,4001972168,HOT BURGER UAE (15X1X1000 G),CRT,NFC,0,False,4001972168_NFC,0.5702872173803897,0.0833333333333333,0.0475239347816991,1.407468142258819e-09,61,70,0.655,2.1488063240592655e-09,7.413381818004465e-10
3001371565,SPICY CHICKEN STRIPS,154.96,KGM,Ingredient,1001100025,CHICKEN CALIBRATED FILLET - YIELD: 61-70 %,KGM,100.0,13.0018730582722,0.0,100.0,3.0,4001972168,HOT BURGER UAE (15X1X1000 G),CRT,NFC,0,False,4001972168_NFC,0.6453278265358802,0.0833333333333333,0.05377731887799,1.3272235601657983e-10,61,70,0.655,2.0262955117035088e-10,6.990719515377105e-11
3001371598,SPICY CHICKEN STRIPS - CATERING,182.78,KGM,Ingredient,1001100023,CHICKEN CALIBRATED FILLET - YIELD: 41-50 %,KGM,109.0,13.6149584770838,0.0,109.0,3.0,4001972168,HOT BURGER UAE (15X1X1000 G),CRT,NFC,0,False,4001972168_NFC,0.5963453331874384,0.0833333333333333,0.0496954444322865,1.0220691247346008e-11,41,50,0.455,2.2463057686474744e-11,1.2242366439128736e-11
3001490894,ECONOMIC REGULAR STRIPS MIX,151.0752,KGM,Ingredient,1001100027,CHICKEN CALIBRATED FILLET - YIELD: 81-90%,KGM,90.0,12.3939792017777,0.0,90.0,1.0,4001972220,KUWAITIA REGULAR CHICKEN STRIPS 700GM (10*1*700GM),CRT,NFC,0,False,4001972220_NFC,0.5957298087310161,7.07,4.211809747728284,4.211809747728284,81,90,0.855,4.926093272196824,0.7142835244685397
3001490895,ECONOMIC SPICY STRIPS MIX,151.2192,KGM,Ingredient,1001100027,CHICKEN CALIBRATED FILLET - YIELD: 81-90%,KGM,90.0,12.3939792017777,0.0,90.0,1.0,4001972221,KUWAITIA SPICY CHICKEN STRIPS 700GM (10*1*700GM),CRT,NFC,0,False,4001972221_NFC,0.5951625190452006,7.07,4.207799009649568,4.207799009649568,81,90,0.855,4.921402350467331,0.7136033408177633
3001490894,ECONOMIC REGULAR STRIPS MIX,151.0752,KGM,Ingredient,1001100027,CHICKEN CALIBRATED FILLET - YIELD: 81-90%,KGM,90.0,12.3939792017777,0.0,90.0,1.0,4001972228,AMC DSC BREADED CHICKEN STRIPS 1500GM (8*1*1500GM) ,CRT,NFC,0,False,4001972228_NFC,0.5957298087310161,12.13,7.226202579907226,7.226202579907226,81,90,0.855,8.4516989238681,1.2254963439608746
3001490894,ECONOMIC REGULAR STRIPS MIX,151.0752,KGM,Ingredient,1001100027,CHICKEN CALIBRATED FILLET - YIELD: 81-90%,KGM,90.0,12.3939792017777,0.0,90.0,1.0,4001972229,AMC DSC BREADED CHICKEN STRIPS 250GM (20*1*250GM),CRT,NFC,0,False,4001972229_NFC,0.5957298087310161,5.05,3.008435534091632,3.008435534091632,81,90,0.855,3.51863805156916,0.5102025174775284
3001490895,ECONOMIC SPICY STRIPS MIX,151.2192,KGM,Ingredient,1001100027,CHICKEN CALIBRATED FILLET - YIELD: 81-90%,KGM,90.0,12.3939792017777,0.0,90.0,1.0,4001972230,AMC DSC BREADED SPICY CHICKEN STRIPS 1500GM (8*1*1500GM),CRT,NFC,0,False,4001972230_NFC,0.5951625190452006,12.13,7.219321356018283,7.219321356018283,81,90,0.855,8.443650708793314,1.2243293527750305
3001490895,ECONOMIC SPICY STRIPS MIX,151.2192,KGM,Ingredient,1001100027,CHICKEN CALIBRATED FILLET - YIELD: 81-90%,KGM,90.0,12.3939792017777,0.0,90.0,1.0,4001972231,AMC DSC BREADED SPICY CHICKEN STRIPS 250GM (20*1*250GM),CRT,NFC,0,False,4001972231_NFC,0.5951625190452006,5.05,3.005570721178263,3.005570721178263,81,90,0.855,3.5152873931909507,0.5097166720126878
3001237093,AMERICANA ZINGZ FILLETS MIX,240.876,KGM,Ingredient,1001100026,CHICKEN CALIBRATED FILLET - YIELD: 71-80 %,KGM,144.89,0.0,0.0,144.89,1.0,4001972240,BREADED ZINGZ CHICKEN FILLET 1000GM (10*1*1000GM) FSS,CRT,GFC,0,False,4001972240_GFC,0.6015128115710987,12.9,7.759515269267173,7.759515269267173,71,80,0.755,10.277503667903542,2.5179883986363683
3001237096,CHICKEN STRIPS SPICY,219.13,KGM,Ingredient,1001100025,CHICKEN CALIBRATED FILLET - YIELD: 61-70 %,KGM,122.22,0.0,0.0,122.22,1.0,4001972241,BREADED ZINGZ CHICKEN STRIPS 1000GM (10*1*1000GM) FSS,CRT,GFC,0,False,4001972241_GFC,0.5577511066490212,12.5,6.971888833112764,6.971888833112764,61,70,0.655,10.644105088721778,3.6722162556090137
3001237098,CHICKEN STRIPS REGULAR,227.12,KGM,Ingredient,1001100025,CHICKEN CALIBRATED FILLET - YIELD: 61-70 %,KGM,120.26,0.0,0.0,120.26,1.0,4001972242,BREADED CHICKEN STRIPS 1000GM (10*1*1000GM) FSS,CRT,GFC,0,False,4001972242_GFC,0.5294998238816485,12.5,6.618747798520606,6.618747798520606,61,70,0.655,10.104958471023826,3.48621067250322
3001237093,AMERICANA ZINGZ FILLETS MIX,240.876,KGM,Ingredient,1001100026,CHICKEN CALIBRATED FILLET - YIELD: 71-80 %,KGM,144.89,0.0,0.0,144.89,1.0,4001972243,AMC BREADED ZINGZ CHICKEN FILLET PP 700GX2 (5*1*1400GM),CRT,GFC,0,False,4001972243_GFC,0.6015128115710987,9.03,5.431660688487021,5.431660688487021,71,80,0.755,7.194252567532478,1.7625918790454573
3001490894,ECONOMIC REGULAR STRIPS MIX,201.96,KGM,Ingredient,1001100027,CHICKEN CALIBRATED FILLET - YIELD: 81-90%,KGM,90.0,0.0,0.0,90.0,1.0,4001972253,ROYAL REGULAR CHICKEN STRIPS OMAN 700GM (10*1*700GM),CRT,GFC,0,False,4001972253_GFC,0.445632798573975,8.77,3.9081996434937607,3.9081996434937607,81,90,0.855,4.570993735080422,0.6627940915866612
3001490895,ECONOMIC SPICY STRIPS MIX,201.95,KGM,Ingredient,1001100027,CHICKEN CALIBRATED FILLET - YIELD: 81-90%,KGM,90.0,0.0,0.0,90.0,1.0,4001972254,ROYAL SPICY CHICKEN STRIPS 700GM OMAN (10*1*700GM),CRT,GFC,0,False,4001972254_GFC,0.4456548650656103,8.77,3.908393166625402,3.908393166625402,81,90,0.855,4.571220077924447,0.6628269112990446
3001490904,ZAIKAZING YOGURT AND HERBS STRIPS MIX,197.19,KGM,Ingredient,1001100025,CHICKEN CALIBRATED FILLET - YIELD: 61-70 %,KGM,92.14,0.0,0.0,92.14,1.0,4001972274,ZAIKAZING YOGURT AND HERBS STRIPS 700GM(10*1*700GM),CRT,GFC,0,False,4001972274_GFC,0.4672650742938283,9.2,4.29883868350322,4.29883868350322,61,70,0.655,6.563112493898045,2.2642738103948252
3001490905,XTREME CAJUN CHICKEN STRIPS MIX,218.75,KGM,Ingredient,1001100025,CHICKEN CALIBRATED FILLET - YIELD: 61-70 %,KGM,110.36,0.0,0.0,110.36,1.0,4001972275,XTREME CAJUN CHICKEN STRIPS 700GM(10*1*700GM),CRT,GFC,0,False,4001972275_GFC,0.5045028571428571,9.0,4.540525714285714,4.540525714285714,61,70,0.655,6.932100327153761,2.3915746128680473
3001490906,XTREME SRIRACHA CHICKEN STRIPS MIX,218.25,KGM,Ingredient,1001100025,CHICKEN CALIBRATED FILLET - YIELD: 61-70 %,KGM,110.36,0.0,0.0,110.36,1.0,4001972276,XTREME SRIRACHA CHICKEN STRIPS 700GM(10*1*700GM),CRT,GFC,0,False,4001972276_GFC,0.5056586483390607,9.0,4.550927835051547,4.550927835051547,61,70,0.655,6.947981427559613,2.3970535925080663
3001490907,XTREME CHIPOTLE CHICKEN STRIPS MIX,218.75,KGM,Ingredient,1001100025,CHICKEN CALIBRATED FILLET - YIELD: 61-70 %,KGM,110.36,0.0,0.0,110.36,1.0,4001972277,XTREME CHIPOTLE CHICKEN STRIPS 700GM(10*1*700GM),CRT,GFC,0,False,4001972277_GFC,0.5045028571428571,9.0,4.540525714285714,4.540525714285714,61,70,0.655,6.932100327153761,2.3915746128680473
3001490913,CALIBRATED 4 OZ SHAWARMA HOUSE MIX,145.7,KGM,Ingredient,1001100022,CHICKEN CALIBRATED FILLET - YIELD: 31-40 %,KGM,118.0,13.9401207089255,0.0,118.0,1.0,4001972298,CALIBRATED 4 OZ SHAWARMA HOUSE 1KG*10,CRT,NFC,0,False,4001972298_NFC,0.8098833218943035,11.75,9.516129032258066,9.516129032258066,31,40,0.355,26.805997273966383,17.28986824170832
