FACTCode,COMP_ITEM_CODE,RM Cost,retain_flag
GFC,1001101033.0,1.1006571480000005,12
GFC,1001101035.0,9.802634351609997,12
GFC,1001101108.0,2.9383908010579898,12
GFC,1001101111.0,0.8811771841064023,12
GFC,1001101127.0,2.384767726583356,12
GFC,1001101130.0,2.489804668401472,12
GFC,1001102065.0,1.8597564741759376,12
GFC,1001102375.0,10.722251858207152,12
GFC,1001102376.0,1.9915927602008707,12
GFC,1001102423.0,11.422060026599164,12
GFC,1001102625.0,4.827586207,12
GFC,1001102626.0,4.765057717866399,12
GFC,1005102057.0,1.2722612176833514,12
GFC,1005102133.0,6.931963141407141,12
GFC,1005102162.0,20.01880071472012,12
GFC,1005102191.0,3.7648461173840584,12
GFC,1005102193.0,2.7755556931999856,12
GFC,1005102227.0,42.12366488240736,12
GFC,1006102002.0,3.387974885509698,12
GFC,1006102008.0,1.3455950435545772,12
GFC,1006102009.0,0.12242923525980659,12
GFC,1006102010.0,6.261669160960842,12
GFC,1006102011.0,4.381363731603852,12
GFC,1006102013.0,1.5618401861000704,12
GFC,1006102014.0,1.7506345912243482,12
GFC,1006102015.0,2.8579229777996233,12
GFC,1006102017.0,0.4660399789942054,12
GFC,1006102020.0,2.2658222326988526,12
GFC,1006102021.0,3.5494164121710923,12
GFC,1006102022.0,4.967559839115689,12
GFC,1006102024.0,3.321825000826729,12
GFC,1006102030.0,1.4043729121855852,12
GFC,1006102032.0,0.9966480379354271,12
GFC,1006102035.0,4.040881910444412,12
GFC,1006102036.0,0.8279147143687573,12
GFC,1006102038.0,7.760381211708647,12
GFC,1006102040.0,2.6408781141259294,12
GFC,1006102041.0,4.802205076769725,12
GFC,1006102042.0,0.6273468495315674,12
GFC,1006102044.0,1.293964087875186,12
GFC,1006102051.0,7.948667995577768,12
GFC,1006102056.0,1.377915272325774,12
GFC,1006102058.0,1.2385572248923524,12
GFC,1006102097.0,3.359875124226041,12
GFC,1006102100.0,2.077302035015969,12
GFC,1006102107.0,3.212208541814663,12
GFC,1006102110.0,2.2738711835119516,12
GFC,1006102119.0,4.943807458091017,12
GFC,1006102124.0,8.25,12
GFC,1006102136.0,55.82028590878148,12
GFC,1006102141.0,2.314499659632403,12
GFC,1006102161.0,2.5702092159728056,12
GFC,1006102170.0,2.970998155067621,12
GFC,1006102171.0,2.288099533924369,12
GFC,1006102173.0,2.3689258912716507,12
GFC,1006102174.0,1.9518855187649173,12
GFC,1006102196.0,1.4708358797885845,12
GFC,1006102200.0,14.234327760998452,12
GFC,1006102208.0,4.087635242603665,12
GFC,1006102212.0,4.101679320849752,12
GFC,1006102220.0,7.479082233916003,12
GFC,1006102223.0,1.2342641858617018,12
GFC,1006102226.0,16.288338336806518,12
GFC,1006102231.0,39.22260049380659,12
GFC,1006102242.0,2.4910707338923417,12
GFC,1006102249.0,9.283209733433205,12
GFC,1006102251.0,2.400808985078631,12
GFC,1006102252.0,1.9790028570202203,12
GFC,1006102253.0,2.079984516938724,12
GFC,1006102256.0,2.8818759838046497,12
GFC,1006102275.0,1.6648600628475443,12
GFC,1006102276.0,1.8424739032362492,12
GFC,1006102280.0,9.11579431445635,12
GFC,1006102295.0,2.1162431488355056,12
GFC,1006102317.0,9.04984741312868,12
GFC,1006102324.0,4.607504711861654,12
GFC,1006102335.0,4.7727831106664285,12
GFC,1006102345.0,3.833445976955648,12
GFC,1006102352.0,8.788029966627468,12
GFC,1006102399.0,2.1193868650145684,12
GFC,1006102402.0,6.5058404129220095,12
GFC,1006102403.0,4.878761881872422,12
GFC,1006102408.0,7.910476420058944,12
GFC,1006102409.0,4.592340150930369,12
GFC,1006102410.0,1.7906761917790093,12
GFC,1006102465.0,7.57384767756729,12
GFC,1006102481.0,2.681002481531886,12
GFC,1006102511.0,3.577640026762172,12
GFC,1006102559.0,0.0081688223281143,12
GFC,1006106033.0,4.833103935254826,12
GFC,2012104048.0,0.13895290169157534,12
GFC,2012104128.0,0.15345200603332573,12
GFC,2012104160.0,1.9455671043853753,12
GFC,2012104201.0,0.010687131042942935,12
GFC,2012104245.0,0.05096145829392141,12
GFC,2012104250.0,0.06223740431805763,12
GFC,2012104269.0,0.09900736509566359,12
GFC,2012104273.0,0.1138310608577263,12
GFC,2012104277.0,0.028097291976084317,12
GFC,2012104299.0,0.0956869295955353,12
GFC,2012104303.0,0.47873403450559815,12
GFC,2012104311.0,0.7876223506869814,12
GFC,2012104320.0,0.3753685641913327,12
GFC,2012104329.0,0.40760953551688367,12
GFC,2012104330.0,0.7805158588241605,12
GFC,2012104334.0,0.5206765247065468,12
GFC,2012104340.0,0.49033062655462306,12
GFC,2012104341.0,0.6195490122008992,12
GFC,2012104351.0,0.33215476385535214,12
GFC,2012104355.0,0.45633000000000007,12
GFC,2012104368.0,0.36581892978213376,12
GFC,2012104401.0,0.5494000025668379,12
GFC,2012104429.0,4.8786064410724075,12
GFC,2012104546.0,0.0315730801260773,12
GFC,2012104579.0,0.03243420912017555,12
GFC,2012104777.0,0.0953029271613342,12
GFC,2012104869.0,0.08043125431292573,12
GFC,2012104873.0,0.1071959109521599,12
GFC,2012104919.0,0.069967801210359,12
GFC,2012104921.0,0.07916576725634916,12
GFC,2012104971.0,0.13185286684054928,12
GFC,2012106251.0,0.009649909492978292,12
GFC,2012114003.0,0.08413886997957791,12
GFC,2012114264.0,0.1255275697334525,12
GFC,2012114289.0,0.17016031886739588,12
GFC,2012114290.0,0.1777150178461324,12
GFC,2012114291.0,0.13090078710552483,12
GFC,2012114292.0,0.13662868824779117,12
GFC,2012114306.0,0.47364378385716205,12
GFC,2012114308.0,0.5905839221286313,12
GFC,2012114488.0,0.7069118265486726,12
GFC,2012114496.0,0.13892927724379908,12
GFC,2012114588.0,0.7873842437778743,12
GFC,2012114601.0,0.09072116623308173,12
GFC,2012114604.0,0.09039477754327661,12
GFC,2012114605.0,0.08633344949879244,12
GFC,2012114607.0,0.09955301213057366,12
GFC,2012114608.0,0.08859512495481364,12
GFC,2012114618.0,0.15,12
GFC,2012114620.0,0.15,12
GFC,2012114624.0,0.0872222165501777,12
GFC,2012114625.0,0.08105982108362077,12
GFC,2012114626.0,0.09416255215352214,12
GFC,2012114629.0,0.11876456052701033,12
GFC,2012114657.0,0.0815363349213029,12
GFC,2012114658.0,0.014985595025957458,12
GFC,2012114662.0,0.09589397219729275,12
GFC,2012114663.0,0.09465388669519074,12
GFC,2012114666.0,0.12069428980369645,12
GFC,2012114667.0,0.12013641021421728,12
GFC,2012114801.0,0.03766674174170475,12
GFC,2012114802.0,0.050999999999999955,12
GFC,2012114901.0,0.12999583123385702,12
GFC,2012114902.0,0.12996703784224423,12
GFC,2012114903.0,0.125177351066739,12
GFC,2012114904.0,0.1261241215774228,12
GFC,2012114905.0,0.13678821149658435,12
GFC,2012114907.0,0.12571584461346452,12
GFC,2012114915.0,0.13080487962811407,12
GFC,2012114935.0,0.1302538315802624,12
GFC,2012114936.0,0.14050924234396417,12
GFC,2012114938.0,0.12298331077907766,12
GFC,2012114939.0,0.12296841594656338,12
GFC,2012114942.0,0.21154833224448444,12
GFC,2012114954.0,0.112328521478348,12
GFC,2012114962.0,0.13453376664935635,12
GFC,2012115025.0,0.16721487686310077,12
GFC,2012115026.0,0.09050092986901875,12
GFC,2012115028.0,0.11975637914391646,12
GFC,2012115030.0,0.10283910684174613,12
GFC,2012115032.0,0.11954694355292601,12
GFC,2012995239.0,0.1176220168822328,12
GFC,2012995240.0,0.12427480499162863,12
GFC,2012995248.0,0.12648383339757016,12
GFC,2012995249.0,0.1276109125884904,12
GFC,2012995287.0,0.1265737859279669,12
GFC,2012995288.0,0.1310626838744807,12
GFC,2012995291.0,0.14703624808794172,12
GFC,2012995292.0,0.1470388019060585,12
GFC,2012995336.0,0.03812117086453364,12
GFC,2012995343.0,0.3403675970047651,12
GFC,2012995344.0,0.12770592239618783,12
GFC,2012995350.0,0.19332879509870657,12
KFC,1001101002.0,3.608268682831906,12
KFC,1001101007.0,2.6835445342319324,12
KFC,1001101103.0,2.3254443760788446,12
KFC,1001101104.0,4.936959974706872,12
KFC,1001101108.0,2.9543037935538,12
KFC,1001101111.0,0.8434842932758323,12
KFC,1001101112.0,4.527619525996333,12
KFC,1001101121.0,2.759746696500718,12
KFC,1001101127.0,2.628436335521176,12
KFC,1001102000.0,5.07020057106058,12
KFC,1001102001.0,3.908759971837783,12
KFC,1001102080.0,8.347308235073772,12
KFC,1001102625.0,7.431506927725106,12
KFC,1001102626.0,5.8763311999113315,12
KFC,1001103014.0,4.490769297219566,12
KFC,1001103015.0,6.479144457052716,12
KFC,1001103024.0,0.966713366551114,12
KFC,1001760101.0,4.367514867597234,12
KFC,1002102047.0,1.0164440331684348,12
KFC,1002102073.0,1.9047695486754976,12
KFC,1002102074.0,2.3090630900312927,12
KFC,1002103029.0,0.9801479370935874,12
KFC,1002103035.0,0.0678061789972793,12
KFC,1002103038.0,0.0847085534154484,12
KFC,1002103039.0,10.061459837512627,12
KFC,1002103040.0,3.3838002705247696,12
KFC,1002103041.0,2.8679582774092918,12
KFC,1002103042.0,0.8119155536855748,12
KFC,1003103016.0,5.722786085791277,12
KFC,1003103030.0,3.8977438173799275,12
KFC,1004102092.0,3.8390031957428445,12
KFC,1004103017.0,3.7752618171199863,12
KFC,1005102057.0,1.354907492356834,12
KFC,1005102133.0,2.9411177641857127,12
KFC,1005102162.0,76.39045521844459,12
KFC,1005102191.0,1.3343610664677836,12
KFC,1005102193.0,1.4705281964080186,12
KFC,1005102205.0,2.145765712021062,12
KFC,1005102227.0,49.797484916859524,12
KFC,1005102284.0,19.17140430751168,12
KFC,1005102393.0,43.952229588111095,12
KFC,1005102559.0,0.00326796317659,12
KFC,1005103018.0,32.21721864933702,12
KFC,1006015501.0,0.28094790520228796,12
KFC,1006019310.0,3.8124548612575424,12
KFC,1006102001.0,4.891381763469726,12
KFC,1006102002.0,6.137813587613955,12
KFC,1006102004.0,5.131344991405299,12
KFC,1006102005.0,2.4173166466387963,12
KFC,1006102008.0,1.5682044097324574,12
KFC,1006102009.0,0.31467345871645436,12
KFC,1006102010.0,7.7994479745662,12
KFC,1006102011.0,12.76544998785046,12
KFC,1006102012.0,4.742568927900972,12
KFC,1006102014.0,1.3481657989137632,12
KFC,1006102018.0,1.405665686534775,12
KFC,1006102019.0,3.374023854325633,12
KFC,1006102020.0,3.1401289350194097,12
KFC,1006102021.0,4.045983861808696,12
KFC,1006102022.0,3.768162494185876,12
KFC,1006102023.0,9.137150624899283,12
KFC,1006102024.0,5.1387803999802015,12
KFC,1006102025.0,9.396007316608708,12
KFC,1006102028.0,8.040642443162637,12
KFC,1006102030.0,1.5301927068253314,12
KFC,1006102032.0,3.9936786042745083,12
KFC,1006102035.0,3.382732395057426,12
KFC,1006102036.0,0.8151638440611709,12
KFC,1006102037.0,0.768271933866294,12
KFC,1006102038.0,3.36614114834951,12
KFC,1006102040.0,3.044854644987865,12
KFC,1006102041.0,3.5944955967101717,12
KFC,1006102042.0,0.6123534549110135,12
KFC,1006102044.0,2.165859891367196,12
KFC,1006102046.0,3.3332426310755814,12
KFC,1006102051.0,11.125434135849176,12
KFC,1006102055.0,37.69247827489615,12
KFC,1006102056.0,1.3544847329779126,12
KFC,1006102058.0,1.349784504808657,12
KFC,1006102097.0,5.786924246945723,12
KFC,1006102100.0,8.592598579014096,12
KFC,1006102105.0,17.60169092927734,12
KFC,1006102107.0,4.9279626500162,12
KFC,1006102110.0,3.716455033422234,12
KFC,1006102119.0,6.690213731501843,12
KFC,1006102120.0,4.998878689004454,12
KFC,1006102131.0,3.808957623336324,12
KFC,1006102136.0,44.50378972947299,12
KFC,1006102154.0,5.735370559041422,12
KFC,1006102158.0,19.68522639959802,12
KFC,1006102166.0,16.326942938016014,12
KFC,1006102190.0,9.972405433174304,12
KFC,1006102196.0,1.5193485034127914,12
KFC,1006102198.0,13.20969722059708,12
KFC,1006102200.0,20.014029921889236,12
KFC,1006102213.0,5.854074682178035,12
KFC,1006102217.0,28.95941760912009,12
KFC,1006102222.0,9.477093212111,12
KFC,1006102271.0,2.3140253063196443,12
KFC,1006102281.0,25.024050942289207,12
KFC,1006102282.0,7.49590616330606,12
KFC,1006102283.0,6.287487855879181,12
KFC,1006102305.0,25.786695684916612,12
KFC,1006102317.0,7.385386222999756,12
KFC,1006102345.0,5.379144285683541,12
KFC,1006102354.0,4.8513492883422265,12
KFC,1006102367.0,17.902175467690757,12
KFC,1006102392.0,9.278001501260055,12
KFC,1006102402.0,7.117996754977309,12
KFC,1006102410.0,1.69094918996824,12
KFC,1006102423.0,8.395595009618317,12
KFC,1006103001.0,2.357466024187716,12
KFC,1006103003.0,18.403848474056336,12
KFC,1006103005.0,6.903576790513044,12
KFC,1006103006.0,7.165198580906341,12
KFC,1006103007.0,9.504943564988773,12
KFC,1006103008.0,18.575009058034045,12
KFC,1006103011.0,7.351033760597855,12
KFC,1006103012.0,33.24367631366756,12
KFC,1006103013.0,9.58804735657475,12
KFC,1006103019.0,20.9954205730421,12
KFC,1006103020.0,10.784278482746998,12
KFC,1006103025.0,3.956814591131453,12
KFC,1006103026.0,0.507187885006768,12
KFC,1006103027.0,20.61895373361465,12
KFC,1006103031.0,7.650971226248771,12
KFC,1006103034.0,10.030647440677061,12
KFC,1006103036.0,20.851561902764324,12
KFC,1006103037.0,13.009717514730175,12
KFC,1006103043.0,3.005633829745761,12
KFC,1006103044.0,21.730950718298136,12
KFC,1006106037.0,14.286153099623204,12
KFC,1006106038.0,4.432659815602781,12
KFC,1006106058.0,8.39606463710009,12
KFC,1006802030.0,9.520195859711242,12
KFC,2013103014.0,2.4420246636139638,12
KFC,2013104147.0,0.0529410034607579,12
KFC,2013104151.0,0.26395623454036715,12
KFC,2013104201.0,0.009742954479480774,12
KFC,2013104202.0,0.007186281733338775,12
KFC,2013104212.0,1.5249930137469316,12
KFC,2013104220.0,0.033660020718877,12
KFC,2013104221.0,0.18469225253256027,12
KFC,2013104237.0,1.3721861198880052,12
KFC,2013104245.0,0.05029878807586861,12
KFC,2013104250.0,0.054760106651540796,12
KFC,2013104290.0,0.01366270951853176,12
KFC,2013104400.0,6.432175933797045,12
KFC,2013104423.0,0.054248188731394,12
KFC,2013104460.0,0.11960690115061061,12
KFC,2013104501.0,1.8495347647358642,12
KFC,2013105015.0,0.1544316043490994,12
KFC,2013111480.0,0.046899152516958,12
KFC,2013114043.0,0.09758931411195414,12
KFC,2013114086.0,0.1394243809660357,12
KFC,2013114088.0,0.1416237201838808,12
KFC,2013114220.0,0.26775791824022394,12
KFC,2013114442.0,0.11770152525141302,12
KFC,2013114443.0,0.054248188731394,12
KFC,2013114601.0,0.08735521524868599,12
KFC,2013114603.0,0.08979764247159035,12
KFC,2013114604.0,0.09183300937864126,12
KFC,2013114606.0,0.08882771842085342,12
KFC,2013114609.0,0.0879824034668684,12
KFC,2013114612.0,0.09928845099894919,12
KFC,2013114613.0,0.09029716763509434,12
KFC,2013114615.0,0.1612121586690042,12
KFC,2013114616.0,0.16458773301396537,12
KFC,2013114617.0,0.1694308188534851,12
KFC,2013114619.0,0.17716286293184524,12
KFC,2013114621.0,0.0728434667640009,12
KFC,2013114627.0,0.13396652581041124,12
KFC,2013114628.0,0.14623144593229068,12
KFC,2013114629.0,0.15145817453812477,12
KFC,2013114633.0,0.06305967301965103,12
KFC,2013114634.0,0.09142790018572944,12
KFC,2013114639.0,0.0705544485045098,12
KFC,2013114643.0,0.06724320699783833,12
KFC,2013114647.0,0.0876046563525127,12
KFC,2013114658.0,0.017186570005043984,12
KFC,2013114662.0,0.1077872294534679,12
KFC,2013114663.0,0.1077904974166445,12
KFC,2013114801.0,0.04876507878987904,12
KFC,2013114804.0,0.0558001245401279,12
KFC,2013114806.0,0.0498945535778673,12
KFC,2013114815.0,0.054353421378442436,12
KFC,2013114816.0,0.038478914517598994,12
KFC,2013114817.0,0.046302073560805124,12
KFC,2013114825.0,0.04603446534453929,12
KFC,2013114903.0,0.12412321023607088,12
KFC,2013114907.0,0.124947304093742,12
KFC,2013114916.0,0.1354552780854925,12
KFC,2013114937.0,0.12713536679584272,12
KFC,2013115005.0,0.145707015834682,12
KFC,2013115007.0,0.1584504625801427,12
KFC,2013115010.0,0.15032630612314,12
KFC,2013115017.0,0.143463583452301,12
KFC,2013115022.0,0.1543950956516104,12
KFC,2013115023.0,0.117973470674899,12
KFC,2013115024.0,0.16033666729520107,12
KFC,2013115026.0,0.15772935097374793,12
KFC,2013115027.0,0.09248184491712153,12
KFC,2013115033.0,0.0849653960549114,12
KFC,2013115038.0,0.1271237675693509,12
KFC,2013116000.0,0.030131522704354156,12
KFC,2013116002.0,0.054248188731394,12
KFC,2013116004.0,0.0093006232005751,12
KFC,2013116007.0,0.14928580898953187,12
KFC,2013116008.0,0.02690776789940555,12
KFC,2013116012.0,0.020445435994230977,12
KFC,2013116013.0,0.12435265386992904,12
KFC,2013116018.0,0.07633264635295715,12
KFC,2013116023.0,0.09820929306713859,12
KFC,2013116026.0,0.037775926041443746,12
KFC,2013116027.0,0.05961183110943182,12
KFC,2013116030.0,0.3190114981603536,12
KFC,2013117001.0,0.13615849839449548,12
KFC,2013117008.0,0.2691156268100971,12
KFC,2013117009.0,0.30350964297291866,12
KFC,2013117010.0,0.19051941148808685,12
KFC,2013117011.0,0.2643838152613585,12
KFC,2013117012.0,0.2660918965565114,12
KFC,2013117013.0,0.25991271808159727,12
KFC,2013117014.0,0.2577405383375311,12
KFC,2013117015.0,0.48978774213742904,12
KFC,2013117016.0,1.7266142539330105,12
KFC,2013117017.0,0.43700683772564863,12
KFC,2013117018.0,0.3872410683853289,12
KFC,2013117019.0,0.3872292494705447,12
KFC,2013117020.0,0.015946429569837894,12
KFC,2013117021.0,0.1921562347834919,12
KFC,2013117022.0,0.3136634071636139,12
KFC,2013117023.0,0.36235573368043533,12
KFC,2013117024.0,0.01196564901242786,12
KFC,2013117025.0,0.501305551288906,12
KFC,2013117026.0,0.018119305546543084,12
KFC,2013117027.0,0.021853205686466426,12
KFC,2013117028.0,0.016535213764620266,12
KFC,2013117029.0,0.008162423812661683,12
KFC,2013117030.0,0.19803787626783972,12
KFC,2013117031.0,0.35579163595983615,12
KFC,2013117033.0,0.5012933879450546,12
KFC,2013117034.0,0.2927892639551282,12
KFC,2013117035.0,0.005069400142274367,12
KFC,2013117037.0,0.02450972382442496,12
KFC,2013117038.0,0.0581697445433019,12
KFC,2013117039.0,1.631312722249077,12
KFC,2013117040.0,0.4030339731795766,12
KFC,2013117041.0,0.09799504378830133,12
KFC,2013117042.0,0.014096490069280201,12
KFC,2013117043.0,0.3220059026771074,12
KFC,2013117044.0,0.056511372981584644,12
KFC,2013117045.0,0.77596001327072,12
KFC,2013117046.0,0.4513167242741973,12
KFC,2013117047.0,4.338734741969258,12
KFC,2013117048.0,4.06150475978298,12
KFC,2013117049.0,4.1953997204336355,12
KFC,2013117050.0,0.8705494107246455,12
KFC,2013117051.0,0.04408153268725113,12
KFC,2013117053.0,2.722242745852093,12
KFC,2013117054.0,0.1153591001336269,12
KFC,2013117055.0,0.1153591001336269,12
KFC,2013117059.0,4.761770410699191,12
KFC,2013117062.0,4.580145162923006,12
KFC,2013117065.0,0.1440769749367428,12
KFC,2013117069.0,0.10184279400656233,12
KFC,2013117070.0,0.6241675369201691,12
KFC,2013117071.0,0.6467656336562442,12
KFC,2013117072.0,1.4887593352483848,12
KFC,2013118001.0,0.02909034202397059,12
KFC,2013118003.0,0.9091947566157272,12
KFC,2013118004.0,0.030873218239057282,12
KFC,2013118005.0,0.031985813123561475,12
KFC,2013118006.0,0.04126045385263983,12
KFC,2013118007.0,0.024110232989029465,12
KFC,2013118008.0,0.03151098057190746,12
KFC,2013118010.0,0.024033207642438367,12
KFC,2013118011.0,0.02932046151284738,12
KFC,2013118012.0,0.04182992866035199,12
KFC,2013118013.0,0.029302654158471525,12
KFC,2013118014.0,0.0300494166531164,12
KFC,2013118015.0,0.04202118496906836,12
KFC,2013118017.0,0.0296391129685975,12
KFC,2013118020.0,0.03867304236895741,12
KFC,2013118021.0,0.039634474481419414,12
KFC,2013118024.0,0.012874874398872208,12
KFC,2013118025.0,0.00171941464898755,12
KFC,2013118028.0,0.0310456501776049,12
KFC,2013118033.0,0.09580459081602183,12
KFC,2013118034.0,0.014052241659337,12
KFC,2013118035.0,0.013745053120737502,12
KFC,2013118036.0,0.013807144421092701,12
KFC,2013118037.0,0.014052241659337,12
KFC,2013118038.0,0.014052241659337,12
KFC,2013118039.0,0.013918255169096802,12
KFC,2013118040.0,0.013964043962254126,12
KFC,2013118041.0,0.014052241659337,12
KFC,2013119000.0,0.7460396308039008,12
KFC,2013119001.0,0.5392987232654681,12
KFC,2013119002.0,0.5432739436605706,12
KFC,2013119003.0,0.27770765362878197,12
KFC,2013119005.0,0.5064249786771498,12
KFC,2013119006.0,0.41465232653787326,12
KFC,2013119007.0,0.7975210375426922,12
KFC,2013119008.0,0.5392818567976806,12
KFC,2013119009.0,0.571885383033525,12
KFC,2013119010.0,0.6329514780277228,12
KFC,2013119011.0,0.5941427388497877,12
KFC,2013119012.0,0.4845560550385293,12
KFC,2013119014.0,0.2572901939455428,12
KFC,2013119015.0,0.004244703182765617,12
KFC,2013119016.0,0.08649640571165847,12
KFC,2013119017.0,0.8083927709623572,12
KFC,2013119018.0,0.3167970631900247,12
KFC,2013119019.0,0.4306197632788516,12
KFC,2013119020.0,0.795678705898303,12
KFC,2013119021.0,0.7800818984809625,12
KFC,2013119022.0,0.597382921099798,12
KFC,2013310429.0,0.005125719027095875,12
KFC,2013900198.0,0.0980388952976999,12
KFC,2013904050.0,0.1395825382171443,12
KFC,2013904860.0,0.06874795583047254,12
KFC,2013995034.0,0.09095951802878684,12
KFC,2013995077.0,0.06296941623145548,12
KFC,2013995087.0,0.16122197275997938,12
KFC,2013995107.0,0.13378576282255225,12
KFC,2013995114.0,0.13130222680419237,12
KFC,2013995127.0,0.028216322453778798,12
KFC,2013995129.0,0.02739552751573066,12
KFC,2013995133.0,0.14847724272942797,12
KFC,2013995135.0,0.08227202442114338,12
KFC,2013995157.0,0.15151682005746142,12
KFC,2013995158.0,0.15190647078381594,12
KFC,2013995196.0,0.571511207539788,12
KFC,2013995197.0,0.6011129830157093,12
KFC,2013995199.0,0.31313163708653907,12
KFC,2013995200.0,0.18925029624910952,12
KFC,2013995201.0,0.18786696207604894,12
KFC,2013995202.0,0.18517483427963546,12
KFC,2013995203.0,0.27921269693166667,12
KFC,2013995204.0,0.18546426166446392,12
KFC,2013995205.0,0.04174489555663955,12
KFC,2013995218.0,0.13580872002914715,12
KFC,2013995219.0,0.18696338323000408,12
KFC,2013995220.0,0.18408159015723202,12
KFC,2013995221.0,0.18836647302823004,12
KFC,2013995231.0,0.024439227386435048,12
KFC,2013995242.0,0.06389310649139714,12
KFC,2013995271.0,0.1891505127270048,12
KFC,2013995272.0,0.19491425942642224,12
KFC,2013995273.0,0.19795764052136733,12
KFC,2013995278.0,0.2104579040402712,12
KFC,2013995279.0,0.20296317303343256,12
KFC,2013995280.0,0.18783068196369812,12
KFC,2013995283.0,0.03361720794194526,12
KFC,2013995352.0,0.4782005798158088,12
KFC,2013995353.0,0.04712917643654662,12
KFC,2013995362.0,0.0558001245401279,12
KFC,2013995363.0,0.12068155639829699,12
KFC,2013995412.0,0.0558001245401279,12
KFC,2013995413.0,0.0558001245401279,12
KFC,4001971917.0,49.23220377604167,12
KFC,4001971918.0,53.638444010416684,12
KFC,4001971921.0,51.70506835937501,12
KFC,4001971923.0,44.716718750000005,12
KFC,7013100160.0,0.046537473665824815,12
NFC,1001101002.0,3.678894890530147,12
NFC,1001101007.0,2.710718916999656,12
NFC,1001101033.0,14.0600988096485,12
NFC,1001101034.0,13.511343075866693,12
NFC,1001101035.0,12.666824903392857,12
NFC,1001101043.0,10.637036997892155,12
NFC,1001101102.0,1.3739654967303334,12
NFC,1001101103.0,2.616522442914131,12
NFC,1001101104.0,5.136318097185355,12
NFC,1001101106.0,1.6772607517759444,12
NFC,1001101108.0,3.35144666032368,12
NFC,1001101111.0,0.8635061417324595,12
NFC,1001101112.0,4.608357932500666,12
NFC,1001101115.0,4.270875733226562,12
NFC,1001101121.0,2.7566204345607073,12
NFC,1001101123.0,0.6545374408185028,12
NFC,1001101127.0,2.8282519529647465,12
NFC,1001101130.0,2.83587040824299,12
NFC,1001101139.0,3.559801866577672,12
NFC,1001101140.0,5.956052425526917,12
NFC,1001102065.0,0.7592229986321065,12
NFC,1001102071.0,8.993601107432072,12
NFC,1001102072.0,0.899873595966307,12
NFC,1001102080.0,5.5086527967290335,12
NFC,1001102616.0,6.262757164469285,12
NFC,1001102621.0,2.59856916102834,12
NFC,1001102623.0,5.750411068691544,12
NFC,1001102625.0,5.337317149910921,12
NFC,1001102626.0,4.9245769782697755,12
NFC,1001102628.0,3.3050013024673124,12
NFC,1001103024.0,0.7566543524868187,12
NFC,1002102047.0,0.8228858129155286,12
NFC,1002102073.0,0.463568501829257,12
NFC,1002102074.0,0.4533301527460951,12
NFC,1002102075.0,0.4533333360691299,12
NFC,1002102428.0,0.5333320533890974,12
NFC,1003102405.0,5.864672485204522,12
NFC,1004102092.0,5.32714304818422,12
NFC,1005102057.0,1.20364307731782,12
NFC,1005102133.0,5.793041160575998,12
NFC,1005102162.0,31.450081496522355,12
NFC,1005102191.0,4.978810045068325,12
NFC,1005102193.0,2.581057738735733,12
NFC,1005102194.0,0.24853075855036647,12
NFC,1005102205.0,3.0452824765105024,12
NFC,1005102227.0,40.78682243606105,12
NFC,1005102284.0,11.197448341882415,12
NFC,1005102393.0,47.800295757286165,12
NFC,1006102001.0,2.829646514318709,12
NFC,1006102002.0,4.650134595559172,12
NFC,1006102004.0,5.292718614729089,12
NFC,1006102005.0,2.4339954619654685,12
NFC,1006102008.0,0.9883095306516472,12
NFC,1006102009.0,0.19815092396657574,12
NFC,1006102010.0,6.667040411942437,12
NFC,1006102011.0,8.290233889103947,12
NFC,1006102012.0,2.4529806644882517,12
NFC,1006102013.0,1.6367255969738261,12
NFC,1006102014.0,1.7517586466975026,12
NFC,1006102015.0,3.198750022990939,12
NFC,1006102017.0,0.1797834681039975,12
NFC,1006102018.0,0.6935721366725368,12
NFC,1006102019.0,3.1991258654226495,12
NFC,1006102020.0,1.355228368653527,12
NFC,1006102021.0,4.405450076955093,12
NFC,1006102022.0,4.039884615712771,12
NFC,1006102023.0,7.427769891262995,12
NFC,1006102024.0,2.4604416705742795,12
NFC,1006102025.0,8.070923163330718,12
NFC,1006102028.0,1.6256193832157682,12
NFC,1006102030.0,1.7007514258213217,12
NFC,1006102032.0,1.1402723945416693,12
NFC,1006102035.0,4.3033667725711755,12
NFC,1006102036.0,0.8119934600438335,12
NFC,1006102037.0,0.9337418993663241,12
NFC,1006102038.0,7.997186227135543,12
NFC,1006102040.0,2.9705456526384473,12
NFC,1006102041.0,3.1712945976140774,12
NFC,1006102042.0,0.6026908197146167,12
NFC,1006102044.0,1.89374933069349,12
NFC,1006102046.0,2.0438944748165313,12
NFC,1006102051.0,14.334638727831377,12
NFC,1006102053.0,1.19999999997,12
NFC,1006102055.0,14.901954495407866,12
NFC,1006102056.0,1.3882237031920626,12
NFC,1006102058.0,1.1562312699364543,12
NFC,1006102062.0,10.017957556596308,12
NFC,1006102063.0,6.889787995421973,12
NFC,1006102066.0,4.785118411773858,12
NFC,1006102070.0,2.7466301757879976,12
NFC,1006102076.0,0.4547102101540362,12
NFC,1006102094.0,13.952953917155446,12
NFC,1006102097.0,2.7269798660868525,12
NFC,1006102100.0,6.0144696306770165,12
NFC,1006102105.0,24.69131218548739,12
NFC,1006102107.0,3.538286962427095,12
NFC,1006102110.0,1.647794812217664,12
NFC,1006102119.0,4.06354758662966,12
NFC,1006102120.0,3.9173173044017684,12
NFC,1006102124.0,11.13619384530336,12
NFC,1006102131.0,4.396785085443926,12
NFC,1006102132.0,29.204699608429394,12
NFC,1006102136.0,55.23004089920448,12
NFC,1006102140.0,1.7119542211338006,12
NFC,1006102141.0,1.6453291854403194,12
NFC,1006102143.0,17.819059239543098,12
NFC,1006102151.0,4.271554223372834,12
NFC,1006102153.0,20.36987775505379,12
NFC,1006102154.0,4.362791351370093,12
NFC,1006102155.0,12.74792967764722,12
NFC,1006102156.0,9.539948566604016,12
NFC,1006102158.0,20.356814498737034,12
NFC,1006102161.0,3.46692472103002,12
NFC,1006102170.0,2.1868502963575285,12
NFC,1006102171.0,3.0203860825225752,12
NFC,1006102173.0,1.9771100129801864,12
NFC,1006102174.0,1.6194828188608763,12
NFC,1006102177.0,2.0972775447194274,12
NFC,1006102178.0,2.8604450102970893,12
NFC,1006102185.0,9.932581340811451,12
NFC,1006102186.0,8.985260449029544,12
NFC,1006102190.0,9.303706059055749,12
NFC,1006102196.0,1.7091496191562427,12
NFC,1006102198.0,7.068829541339446,12
NFC,1006102200.0,34.718952383055836,12
NFC,1006102204.0,2.177089277921441,12
NFC,1006102208.0,5.229659399869258,12
NFC,1006102212.0,4.923757414843687,12
NFC,1006102213.0,5.552487196624031,12
NFC,1006102217.0,17.95852491255858,12
NFC,1006102220.0,9.539691801273403,12
NFC,1006102223.0,1.184822209439391,12
NFC,1006102224.0,12.942096522491772,12
NFC,1006102226.0,39.6646506197472,12
NFC,1006102231.0,88.1789361684295,12
NFC,1006102232.0,8.002767267639024,12
NFC,1006102242.0,3.9999999999,12
NFC,1006102248.0,7.406868799814828,12
NFC,1006102249.0,37.6851623529218,12
NFC,1006102251.0,3.181260748601101,12
NFC,1006102252.0,2.758874466582027,12
NFC,1006102253.0,2.555313793814758,12
NFC,1006102256.0,2.571174622741121,12
NFC,1006102266.0,1.3344975005222308,12
NFC,1006102267.0,1.1693235762842589,12
NFC,1006102268.0,9.153305287882558,12
NFC,1006102269.0,9.666712904282184,12
NFC,1006102271.0,2.900046082652113,12
NFC,1006102275.0,4.78915762671284,12
NFC,1006102276.0,2.1292664855670163,12
NFC,1006102279.0,4.479999999888,12
NFC,1006102280.0,16.516739324779138,12
NFC,1006102281.0,44.871446479201374,12
NFC,1006102282.0,8.398630317774007,12
NFC,1006102283.0,5.626067867094957,12
NFC,1006102295.0,3.7716000554771854,12
NFC,1006102310.0,20.630411324968822,12
NFC,1006102311.0,5.655141688356575,12
NFC,1006102313.0,7.84477138180388,12
NFC,1006102315.0,10.207485924744812,12
NFC,1006102316.0,2.4006707173347785,12
NFC,1006102317.0,9.72707720807728,12
NFC,1006102318.0,7.208487961933906,12
NFC,1006102319.0,4.519999999886999,12
NFC,1006102320.0,3.6999999999074995,12
NFC,1006102321.0,2.599999999935,12
NFC,1006102322.0,2.84999999992875,12
NFC,1006102324.0,5.540801276278185,12
NFC,1006102325.0,2.3818051824913447,12
NFC,1006102327.0,2.9723203199256916,12
NFC,1006102335.0,6.405069448198726,12
NFC,1006102342.0,35.293333332451006,12
NFC,1006102343.0,25.206634088716072,12
NFC,1006102344.0,9.333420603189909,12
NFC,1006102345.0,6.722204042960221,12
NFC,1006102352.0,10.5962329702096,12
NFC,1006102353.0,23.231278498243167,12
NFC,1006102354.0,2.7155804895875923,12
NFC,1006102365.0,356.6230288197098,12
NFC,1006102367.0,19.04246520437872,12
NFC,1006102375.0,14.577835767613484,12
NFC,1006102376.0,1.9504887955221228,12
NFC,1006102380.0,10.79999999973,12
NFC,1006102392.0,9.549330438355641,12
NFC,1006102394.0,132.87729713352775,12
NFC,1006102397.0,6.889707918802244,12
NFC,1006102398.0,328.7449078293101,12
NFC,1006102399.0,12.33050863538847,12
NFC,1006102400.0,14.559681109917463,12
NFC,1006102401.0,11.81546666637128,12
NFC,1006102402.0,8.614538356713856,12
NFC,1006102403.0,5.907508490180714,12
NFC,1006102404.0,33.791102748959496,12
NFC,1006102408.0,9.859050274012032,12
NFC,1006102409.0,5.267123101486679,12
NFC,1006102410.0,1.7305660072843991,12
NFC,1006102412.0,9.799999999755,12
NFC,1006102415.0,4.2092469543193785,12
NFC,1006102423.0,8.361976324792314,12
NFC,1006102426.0,1.0545138889158943,12
NFC,1006102427.0,3.276485431640985,12
NFC,1006102429.0,3.240901885247745,12
NFC,1006102432.0,12.550456294421997,12
NFC,1006102441.0,2.5593266643203783,12
NFC,1006102442.0,2.173292368169202,12
NFC,1006102462.0,6.999999999825,12
NFC,1006102465.0,9.60698261515346,12
NFC,1006102475.0,49.27457266019093,12
NFC,1006102476.0,15.65400769538973,12
NFC,1006102481.0,2.733366015062547,12
NFC,1006102511.0,3.5336018352548972,12
NFC,1006102559.0,0.00279599999993,12
NFC,1006102560.0,0.0027967999999300003,12
NFC,1006102613.0,381.8334395372162,12
NFC,1006102614.0,368.6616563640384,12
NFC,1006106033.0,5.0143689336066535,12
NFC,1006106037.0,11.84697154891937,12
NFC,1006106038.0,3.9733333173077408,12
NFC,1006106045.0,1.8091042903066048,12
NFC,1006106046.0,2.5932205103164767,12
NFC,1006106047.0,2.3054193487953096,12
NFC,1006106048.0,33.8590142428876,12
NFC,2011104063.0,0.08775207162488956,12
NFC,2011104069.0,0.08536288670303364,12
NFC,2011104088.0,0.084999999997875,12
NFC,2011104111.0,0.15089224322884723,12
NFC,2011104113.0,0.2792937277790743,12
NFC,2011104114.0,0.43222262132821737,12
NFC,2011104115.0,0.2998392631819919,12
NFC,2011104117.0,0.44157902163677126,12
NFC,2011104130.0,0.033947146899017185,12
NFC,2011104134.0,2.1596048248757023,12
NFC,2011104136.0,0.051113170127796766,12
NFC,2011104137.0,0.044335740844335426,12
NFC,2011104138.0,0.3340197746317495,12
NFC,2011104139.0,0.23176896725267374,12
NFC,2011104140.0,0.3258841288804798,12
NFC,2011104143.0,0.3609743458193386,12
NFC,2011104144.0,0.06113117703232576,12
NFC,2011104151.0,0.24899444072809396,12
NFC,2011104154.0,0.07008274528430926,12
NFC,2011104155.0,0.06720007552887246,12
NFC,2011104156.0,0.06711044656786998,12
NFC,2011104157.0,0.0596783270932315,12
NFC,2011104158.0,0.0615275316493463,12
NFC,2011104159.0,0.0439999999988999,12
NFC,2011104164.0,0.058666879874375744,12
NFC,2011104166.0,0.2621984942773032,12
NFC,2011104201.0,0.0089843707489241,12
NFC,2011104202.0,0.04820274473496863,12
NFC,2011104211.0,0.841001087772784,12
NFC,2011104212.0,0.9703103220445294,12
NFC,2011104214.0,0.17046873109426477,12
NFC,2011104215.0,0.06528411195724394,12
NFC,2011104218.0,148.2725190839401,12
NFC,2011104220.0,8.143556640067837,12
NFC,2011104224.0,0.0061747616014145084,12
NFC,2011104235.0,0.11720756063175573,12
NFC,2011104237.0,0.9019172884996601,12
NFC,2011104238.0,0.3966591492841523,12
NFC,2011104245.0,0.04659627479275178,12
NFC,2011104250.0,0.057672547838611005,12
NFC,2011104255.0,79.97556493147688,12
NFC,2011104257.0,0.027512627827657014,12
NFC,2011104258.0,0.028617777236219985,12
NFC,2011104265.0,0.2825467576131612,12
NFC,2011104266.0,0.2456843232714455,12
NFC,2011104269.0,0.09927455005483939,12
NFC,2011104273.0,0.09310730318499873,12
NFC,2011104278.0,0.02336069392361181,12
NFC,2011104282.0,0.026116126072232543,12
NFC,2011104290.0,0.008088974240686208,12
NFC,2011104299.0,0.0825999999979349,12
NFC,2011104301.0,0.5601271109608922,12
NFC,2011104303.0,0.43685624807849793,12
NFC,2011104304.0,0.37326389797513454,12
NFC,2011104306.0,0.2506648960702201,12
NFC,2011104307.0,0.25085119327414396,12
NFC,2011104309.0,0.3819805107319951,12
NFC,2011104311.0,0.6199809129391526,12
NFC,2011104316.0,0.27833171087602987,12
NFC,2011104317.0,0.720742058379577,12
NFC,2011104320.0,0.33856327006630194,12
NFC,2011104323.0,0.2701269736544273,12
NFC,2011104324.0,0.25201748162778953,12
NFC,2011104325.0,0.21385953769997532,12
NFC,2011104326.0,0.492648927798742,12
NFC,2011104328.0,0.21548412145271242,12
NFC,2011104329.0,0.3564126674840367,12
NFC,2011104330.0,0.5364434493797595,12
NFC,2011104331.0,0.3182023741745134,12
NFC,2011104332.0,0.43599708993342023,12
NFC,2011104334.0,0.48346940741442945,12
NFC,2011104338.0,0.33307167081466194,12
NFC,2011104340.0,0.4354721480745698,12
NFC,2011104341.0,0.5480424697971217,12
NFC,2011104345.0,0.2593104213102536,12
NFC,2011104346.0,0.25925180485737226,12
NFC,2011104350.0,0.3298497874430061,12
NFC,2011104351.0,0.2999411738461453,12
NFC,2011104353.0,0.31488655223563106,12
NFC,2011104355.0,0.45249393952268613,12
NFC,2011104356.0,0.29797720239493614,12
NFC,2011104367.0,0.5852205340114603,12
NFC,2011104368.0,0.3093351460151376,12
NFC,2011104384.0,0.35920915908375933,12
NFC,2011104385.0,0.3579573744311319,12
NFC,2011104400.0,5.231186108993451,12
NFC,2011104401.0,0.580479341913584,12
NFC,2011104402.0,0.023386748884536807,12
NFC,2011104403.0,0.015324401153185375,12
NFC,2011104404.0,0.015092795971761082,12
NFC,2011104405.0,0.8871596321861897,12
NFC,2011104406.0,0.025116818665385898,12
NFC,2011104408.0,0.02499620914202055,12
NFC,2011104412.0,0.0085333333331199,12
NFC,2011104414.0,0.02485184927241574,12
NFC,2011104429.0,5.791332234042282,12
NFC,2011104437.0,0.025077275915424677,12
NFC,2011104451.0,0.06216851089404884,12
NFC,2011104463.0,0.04213333333228,12
NFC,2011104465.0,0.025024701216329992,12
NFC,2011104466.0,0.0249265513147694,12
NFC,2011104468.0,0.024549371291062414,12
NFC,2011104469.0,0.0245068031859968,12
NFC,2011104470.0,0.02472815577349485,12
NFC,2011104482.0,0.04213333333228,12
NFC,2011104483.0,0.09346913531640814,12
NFC,2011104484.0,0.02371883227501438,12
NFC,2011104485.0,0.024531924857686408,12
NFC,2011104500.0,0.2774816120007206,12
NFC,2011104501.0,1.2205208858351364,12
NFC,2011104502.0,0.040075321290709016,12
NFC,2011104509.0,0.0250840532406435,12
NFC,2011104528.0,0.0237055466494272,12
NFC,2011104531.0,0.06166685395766231,12
NFC,2011104546.0,0.02519999999937,12
NFC,2011104579.0,0.0233182118447933,12
NFC,2011104598.0,1546.13333329468,12
NFC,2011104660.0,0.1099999999972499,12
NFC,2011104661.0,0.1357439999966064,12
NFC,2011104662.0,0.13048004468856245,12
NFC,2011104670.0,0.12599999999685,12
NFC,2011104760.0,0.08793487281707242,12
NFC,2011104777.0,0.06019999999849499,12
NFC,2011104805.0,0.0213461372512691,12
NFC,2011104821.0,0.10871770370284813,12
NFC,2011104830.0,0.06303435465962183,12
NFC,2011104832.0,2.1131987138646133,12
NFC,2011104837.0,0.05310267736711389,12
NFC,2011104843.0,0.13753072033012373,12
NFC,2011104844.0,0.3192619167192754,12
NFC,2011104845.0,0.3386329059980721,12
NFC,2011104874.0,0.15232918897933762,12
NFC,2011104888.0,0.0314999999992125,12
NFC,2011104891.0,0.09999999999749999,12
NFC,2011104893.0,0.11999999999699995,12
NFC,2011104921.0,0.08530644400984673,12
NFC,2011104922.0,0.3294445102761655,12
NFC,2011104924.0,0.44677508829698515,12
NFC,2011104943.0,0.6077418012619249,12
NFC,2011104958.0,0.5293552799867662,12
NFC,2011104978.0,0.10940023156372795,12
NFC,2011104985.0,0.4006246857574871,12
NFC,2011104992.0,0.09335722296285964,12
NFC,2011104996.0,0.05917944391677724,12
NFC,2011114004.0,0.0832653611242537,12
NFC,2011114014.0,0.13046120745391124,12
NFC,2011114027.0,0.0818228432811617,12
NFC,2011114086.0,0.10946162811963794,12
NFC,2011114087.0,0.1020806905181192,12
NFC,2011114088.0,0.11655665484481563,12
NFC,2011114089.0,0.09999999999750002,12
NFC,2011114205.0,0.13344175527788973,12
NFC,2011114220.0,0.10632495295043959,12
NFC,2011114232.0,0.05116731596464061,12
NFC,2011114233.0,0.05138845879618659,12
NFC,2011114240.0,0.11957395826996133,12
NFC,2011114241.0,0.09280965341782181,12
NFC,2011114247.0,0.04810589549474358,12
NFC,2011114248.0,0.048087672860136425,12
NFC,2011114264.0,0.14199999999645,12
NFC,2011114265.0,0.1300879999967478,12
NFC,2011114269.0,0.09591343225991537,12
NFC,2011114278.0,0.13866798772981132,12
NFC,2011114279.0,0.13866814205620379,12
NFC,2011114283.0,0.031358436971127314,12
NFC,2011114301.0,0.49020819891713246,12
NFC,2011114306.0,0.42293075842649114,12
NFC,2011114308.0,0.496162041968631,12
NFC,2011114309.0,0.3103201690879815,12
NFC,2011114314.0,0.25116783050485086,12
NFC,2011114315.0,0.3817290666571234,12
NFC,2011114316.0,0.5488294956087578,12
NFC,2011114438.0,0.03679857838947387,12
NFC,2011114439.0,0.02453720649900151,12
NFC,2011114470.0,0.011034123535779499,12
NFC,2011114474.0,0.015132892533492823,12
NFC,2011114480.0,0.02331462752977254,12
NFC,2011114487.0,0.08356780855854594,12
NFC,2011114488.0,0.0429661838163223,12
NFC,2011114601.0,0.11570463853673439,12
NFC,2011114602.0,0.12814997942139064,12
NFC,2011114603.0,0.10493568156950518,12
NFC,2011114604.0,0.0860950172216511,12
NFC,2011114605.0,0.08519724323155063,12
NFC,2011114606.0,0.09455442469337633,12
NFC,2011114607.0,0.08552110318146472,12
NFC,2011114608.0,0.0820204022818988,12
NFC,2011114609.0,0.08424475971445555,12
NFC,2011114610.0,0.08333683527331943,12
NFC,2011114611.0,0.0571437334936143,12
NFC,2011114612.0,0.09779381073083267,12
NFC,2011114613.0,0.09660893532072069,12
NFC,2011114615.0,0.186999999995325,12
NFC,2011114616.0,0.18799974213427043,12
NFC,2011114617.0,0.18726097434724717,12
NFC,2011114618.0,0.17849999999553753,12
NFC,2011114620.0,0.1551244799961219,12
NFC,2011114621.0,0.08373719797313474,12
NFC,2011114622.0,0.08815858040063289,12
NFC,2011114623.0,0.08508933945162224,12
NFC,2011114624.0,0.08553905115020723,12
NFC,2011114625.0,0.0846275185018071,12
NFC,2011114626.0,0.08570532814127847,12
NFC,2011114627.0,0.14603503911957197,12
NFC,2011114628.0,0.1539066239550467,12
NFC,2011114629.0,0.14248718954785422,12
NFC,2011114630.0,0.0851848802774754,12
NFC,2011114633.0,0.06524710031668311,12
NFC,2011114634.0,0.0865217752890312,12
NFC,2011114635.0,0.07212211636663536,12
NFC,2011114636.0,0.08519540531076471,12
NFC,2011114637.0,0.08958306073059741,12
NFC,2011114638.0,0.14246979455426065,12
NFC,2011114639.0,0.08095585006801888,12
NFC,2011114641.0,0.1547512984731724,12
NFC,2011114642.0,0.18601009360941645,12
NFC,2011114643.0,0.07229216155570539,12
NFC,2011114644.0,0.13055704194371812,12
NFC,2011114645.0,0.13044270981762993,12
NFC,2011114646.0,0.08424194084150903,12
NFC,2011114647.0,0.08154389227434673,12
NFC,2011114648.0,0.15498926958389145,12
NFC,2011114649.0,0.08953135256744787,12
NFC,2011114658.0,0.01503340423447449,12
NFC,2011114660.0,0.186999999995325,12
NFC,2011114661.0,0.17735746907166983,12
NFC,2011114662.0,0.09521352725088143,12
NFC,2011114663.0,0.09558770370570825,12
NFC,2011114666.0,0.1358833471689639,12
NFC,2011114667.0,0.13800755062197304,12
NFC,2011114801.0,0.03769169132931196,12
NFC,2011114802.0,0.04973983690014149,12
NFC,2011114803.0,0.041653636069966034,12
NFC,2011114804.0,0.04379388964323225,12
NFC,2011114807.0,0.05005485097967993,12
NFC,2011114808.0,0.04966502815105872,12
NFC,2011114815.0,0.05315365374744615,12
NFC,2011114816.0,0.05173711128099875,12
NFC,2011114817.0,0.05407377844905711,12
NFC,2011114821.0,0.04578651454613325,12
NFC,2011114825.0,0.06039760266405791,12
NFC,2011114901.0,0.1360233237647031,12
NFC,2011114902.0,0.1356644922197834,12
NFC,2011114903.0,0.1281289367670847,12
NFC,2011114904.0,0.13690245527823555,12
NFC,2011114905.0,0.14066814386078683,12
NFC,2011114906.0,0.13508177182057346,12
NFC,2011114907.0,0.1323340777604189,12
NFC,2011114908.0,0.13994808275513984,12
NFC,2011114909.0,0.14125723518120709,12
NFC,2011114910.0,0.13433014498161022,12
NFC,2011114911.0,0.13600127455241617,12
NFC,2011114913.0,0.18725572312846606,12
NFC,2011114914.0,0.1265166820968899,12
NFC,2011114915.0,0.12560518316688335,12
NFC,2011114916.0,0.11849834022361731,12
NFC,2011114917.0,0.13541347600880158,12
NFC,2011114919.0,0.10367341288062093,12
NFC,2011114921.0,0.11136412250979039,12
NFC,2011114922.0,0.10442766835027478,12
NFC,2011114924.0,0.030419178458232932,12
NFC,2011114925.0,0.03172966526487028,12
NFC,2011114926.0,0.03134356659771318,12
NFC,2011114927.0,0.10572634002949222,12
NFC,2011114928.0,0.10674506164517807,12
NFC,2011114938.0,0.14536776636233822,12
NFC,2011114939.0,0.13546346300510737,12
NFC,2011114940.0,0.09200445124801464,12
NFC,2011114943.0,0.12092001766135142,12
NFC,2011114946.0,0.1299095575119343,12
NFC,2011114970.0,0.1375685243737506,12
NFC,2011115014.0,0.0144157333329729,12
NFC,2011115015.0,0.21768925202520384,12
NFC,2011115024.0,0.11733017826949955,12
NFC,2011115025.0,0.1799999999954999,12
NFC,2011115026.0,0.088219198794783,12
NFC,2011115028.0,0.14267059595230294,12
NFC,2011115030.0,0.08668429544831951,12
NFC,2011115032.0,0.139045493357672,12
NFC,2011115036.0,0.048006020656000854,12
NFC,2011115037.0,0.10783715084447842,12
NFC,2011115038.0,0.11679435925207339,12
NFC,2011115039.0,0.1462508599472508,12
NFC,2011115041.0,0.08299692909559991,12
NFC,2011115042.0,0.13331434313374108,12
NFC,2011115043.0,0.09260384555858936,12
NFC,2011115044.0,0.11386666666381991,12
NFC,2011115046.0,0.11262586644670686,12
NFC,2011115048.0,0.048005865225215716,12
NFC,2011115049.0,0.4656269434059552,12
NFC,2011115050.0,0.4924093460474273,12
NFC,2011115051.0,0.41056637632734727,12
NFC,2011115052.0,0.46706955929254823,12
NFC,2011115053.0,0.015399999999615,12
NFC,2011995229.0,0.49531649145042067,12
NFC,2011995231.0,0.10555604341316845,12
NFC,2011995239.0,0.13938461157757945,12
NFC,2011995240.0,0.09945177172122756,12
NFC,2011995241.0,0.09888017586472624,12
NFC,2011995244.0,0.09938898816324258,12
NFC,2011995245.0,0.13183831490738102,12
NFC,2011995246.0,0.09901304948730179,12
NFC,2011995247.0,0.1413999999964649,12
NFC,2011995248.0,0.14079325275845114,12
NFC,2011995249.0,0.14084983227697315,12
NFC,2011995253.0,0.11375913967330899,12
NFC,2011995254.0,0.12346695925718355,12
NFC,2011995255.0,0.13518528932390436,12
NFC,2011995256.0,0.13514533993592162,12
NFC,2011995258.0,0.10145241841532558,12
NFC,2011995263.0,0.12399014239537613,12
NFC,2011995264.0,0.12204954593914781,12
NFC,2011995265.0,0.045388715190189645,12
NFC,2011995267.0,0.04533298821029189,12
NFC,2011995270.0,0.04907925907970801,12
NFC,2011995271.0,0.20494389473839195,12
NFC,2011995272.0,0.1316396860459102,12
NFC,2011995273.0,0.04300991754781341,12
NFC,2011995274.0,0.11196495314075898,12
NFC,2011995277.0,0.626666666651,12
NFC,2011995286.0,0.06275831900193843,12
NFC,2011995294.0,0.106999999997325,12
NFC,2011995295.0,0.12268365196516018,12
NFC,2011995296.0,0.12267666371877806,12
NFC,2011995310.0,0.14163417035268688,12
NFC,2011995311.0,0.14162123841658392,12
NFC,2011995323.0,0.10240048573323013,12
NFC,2011995324.0,0.10431902312701576,12
NFC,2011995325.0,0.014666672128638508,12
NFC,2011995327.0,0.08979447174813682,12
NFC,2011995336.0,0.10401061239880481,12
NFC,2011995337.0,0.1048135983438273,12
NFC,2011995338.0,0.10606535059308488,12
NFC,2011995340.0,0.10413007859926308,12
NFC,2011995349.0,0.10571265182293604,12
NFC,2011995368.0,0.12932854831339685,12
NFC,2011995369.0,0.13164714432143704,12
NFC,2011995370.0,0.08552057032086895,12
NFC,2011995371.0,0.21343235386356563,12
NFC,2011995381.0,0.13423119954554372,12
NFC,2011995382.0,0.14101752668601297,12
NFC,2011995383.0,0.14067974445090534,12
NFC,2011995384.0,0.1404014042314038,12
NFC,2011995390.0,0.19999999999500004,12
NFC,2011995391.0,0.13252114518574695,12
NFC,2011995392.0,0.19999999999500004,12
NFC,2011995393.0,0.1319512453093796,12
NFC,2011995394.0,0.1306980640117442,12
NFC,2011995395.0,0.19999999999500004,12
NFC,2011995396.0,0.12841727893253566,12
NFC,2011995397.0,0.19999999999500004,12
NFC,2011995398.0,0.12729437646316352,12
NFC,2011995399.0,0.19999999999500004,12
NFC,2011995400.0,0.04414664476483624,12
NFC,2011995401.0,0.044187963994681216,12
NFC,2011995410.0,0.4480340863423602,12
NFC,2011995411.0,0.09606826666426489,12
