FACTCode,COMP_ITEM_CODE,MthNum,RM Cost,retain_flag,RM Cost Change
GFC,1001102375.0,1,14.058332259417718,1,0.0
GFC,1001102375.0,2,13.588327637448591,1,-3.3432459362615297
GFC,1001102375.0,3,12.14646640658994,1,-10.61102785662137
GFC,1001102375.0,4,11.193622879254267,1,-7.844615013455414
GFC,1001102375.0,5,10.766261178219926,1,-3.81790333339167
GFC,1001102375.0,6,10.149825816015491,1,-5.725621476204568
GFC,1001102375.0,7,10.054338499020018,1,-0.9407778884717777
GFC,1001102375.0,8,10.054338499020018,1,0.0
GFC,1001102375.0,9,9.636788717088573,1,-4.152931413360939
GFC,1001102375.0,10,9.25914113731872,1,-3.918811451165094
GFC,1001102375.0,11,8.98625857285958,1,-2.9471692936971716
GFC,1001102375.0,12,8.77332069623297,1,-2.369594363439831
GFC,1005102162.0,1,24.0316826953638,1,0.0
GFC,1005102162.0,2,22.71206200557416,1,-5.4911705789300385
GFC,1005102162.0,3,21.73146520529288,1,-4.317515512420734
GFC,1005102162.0,4,20.9796359078366,1,-3.459634637397424
GFC,1005102162.0,5,20.360213396828613,1,-2.9524940934585575
GFC,1005102162.0,6,19.86863655676297,1,-2.4143992525255897
GFC,1005102162.0,7,19.42664063127855,1,-2.2245911249203054
GFC,1005102162.0,8,18.95591067611688,1,-2.4231155766774926
GFC,1005102162.0,9,18.52717170044152,1,-2.2617693393941707
GFC,1005102162.0,10,18.19771983371309,1,-1.7782091732899463
GFC,1005102162.0,11,17.850217006866504,1,-1.9095954329553022
GFC,1005102162.0,12,17.584252960565877,1,-1.489976543132887
GFC,1006102002.0,1,2.3663683089238,1,0.0
GFC,1006102002.0,2,3.106977204122146,1,31.297279143125746
GFC,1006102002.0,3,3.36593111497735,1,8.334593202410367
GFC,1006102002.0,4,3.470320218474064,1,3.101344024309194
GFC,1006102002.0,5,3.517201502591844,1,1.350920986144466
GFC,1006102002.0,6,3.5368540523589047,1,0.5587552988527422
GFC,1006102002.0,7,3.5447820630291087,1,0.2241543064214424
GFC,1006102002.0,8,3.5481725986156523,1,0.09564863301205762
GFC,1006102002.0,9,3.5493868565034044,1,0.03422206372445391
GFC,1006102002.0,10,3.549797057645953,1,0.011556957838987358
GFC,1006102002.0,11,3.5499316225476205,1,0.0037907773171808046
GFC,1006102002.0,12,3.549976026326526,1,0.0012508347660311614
GFC,1006102170.0,1,3.496887040534632,1,0.0
GFC,1006102170.0,2,3.318431435377491,1,-5.10327051141628
GFC,1006102170.0,3,3.1715695229979635,1,-4.425642513322591
GFC,1006102170.0,4,3.0735707279201847,1,-3.089914768292523
GFC,1006102170.0,5,2.98333840773079,1,-2.935748944045058
GFC,1006102170.0,6,2.924499612745365,1,-1.972246756618512
GFC,1006102170.0,7,2.8682629532963664,1,-1.9229497998191514
GFC,1006102170.0,8,2.8219815625768483,1,-1.6135686118432413
GFC,1006102170.0,9,2.7836404288020247,1,-1.3586599672824606
GFC,1006102170.0,10,2.7565289100323223,1,-0.9739590821135735
GFC,1006102170.0,11,2.7352640680856823,1,-0.7714354770322562
GFC,1006102170.0,12,2.718003190711784,1,-0.6310497613482124
GFC,1006102402.0,1,8.588396191517377,1,0.0
GFC,1006102402.0,2,7.191280105645303,1,-16.267485275679107
GFC,1006102402.0,3,6.645682150822559,1,-7.586937885988321
GFC,1006102402.0,4,6.370429724555433,1,-4.141823518193033
GFC,1006102402.0,5,6.233634229572651,1,-2.1473511348142016
GFC,1006102402.0,6,6.181103239240288,1,-0.8427024813736028
GFC,1006102402.0,7,6.157855775979367,1,-0.37610540321243446
GFC,1006102402.0,8,6.145369267177764,1,-0.20277364809858645
GFC,1006102402.0,9,6.140647336356847,1,-0.07683721865400228
GFC,1006102402.0,10,6.139029321314609,1,-0.026349258532687436
GFC,1006102402.0,11,6.138433234934758,1,-0.009709782257949495
GFC,1006102402.0,12,6.138224377947155,1,-0.0034024478170580075
GFC,2012104330.0,1,0.7069118265486726,1,0.0
GFC,2012104330.0,2,0.7667018852660722,1,8.457923106098008
GFC,2012104330.0,3,0.766701885266072,1,-3.3306690738754696e-14
GFC,2012104330.0,4,0.766701885266072,1,0.0
GFC,2012104330.0,5,0.7886488026885153,1,2.8625099069408133
GFC,2012104330.0,6,0.7886488026885152,1,-1.1102230246251565e-14
GFC,2012104330.0,7,0.794256782392357,1,0.7110870750990816
GFC,2012104330.0,8,0.7967227691398481,1,0.3104772665665445
GFC,2012104330.0,9,0.7967227691398481,1,0.0
GFC,2012104330.0,10,0.7974593552404311,1,0.09245199573977292
GFC,2012104330.0,11,0.7980889440502108,1,0.07894932897112295
GFC,2012104330.0,12,0.7986245982033118,1,0.06711709980375957
KFC,1001102626.0,1,6.53787066622627,1,0.0
KFC,1001102626.0,2,6.383468907563317,1,-2.3616520813201647
KFC,1001102626.0,3,6.030561479091385,1,-5.528458485225752
KFC,1001102626.0,4,5.848524551785126,1,-3.0185734435740463
KFC,1001102626.0,5,5.774646909788955,1,-1.263184267109252
KFC,1001102626.0,6,5.732990071381049,1,-0.7213746408856858
KFC,1001102626.0,7,5.716201487043924,1,-0.2928416782183696
KFC,1001102626.0,8,5.703954011226103,1,-0.2142589942915829
KFC,1001102626.0,9,5.699393529749098,1,-0.07995298468448375
KFC,1001102626.0,10,5.697089922685964,1,-0.04041845945730316
KFC,1001102626.0,11,5.695921892282173,1,-0.020502228675378653
KFC,1001102626.0,12,5.695350970112615,1,-0.01002334969395502
KFC,1005102205.0,1,1.973048354727928,1,0.0
KFC,1005102205.0,2,1.975290127530828,1,0.11361975987704831
KFC,1005102205.0,3,1.9778082247368405,1,0.12747986591519211
KFC,1005102205.0,4,1.980607001764764,1,0.14150901957623585
KFC,1005102205.0,5,1.983965481466555,1,0.16956820302052034
KFC,1005102205.0,6,1.988223681943888,1,0.21463077443188983
KFC,1005102205.0,7,1.9934934693881292,1,0.2650500289328006
KFC,1005102205.0,8,2.000317245767276,1,0.34230241954298357
KFC,1005102205.0,9,2.010300976709277,1,0.49910737724860876
KFC,1005102205.0,10,2.456699291520939,1,22.205546332787684
KFC,1005102205.0,11,2.6331814279151504,1,7.183709337293442
KFC,1005102205.0,12,2.7762532607811705,1,5.433421007351513
KFC,1006102028.0,1,8.644598604480812,1,0.0
KFC,1006102028.0,2,8.639897311446328,1,-0.05438416807517221
KFC,1006102028.0,3,8.634304774621192,1,-0.06472920479884126
KFC,1006102028.0,4,8.627432471076405,1,-0.07959301558345677
KFC,1006102028.0,5,8.618450642896967,1,-0.10410777725065046
KFC,1006102028.0,6,8.475888278393128,1,-1.6541530538477178
KFC,1006102028.0,7,7.799203240855965,1,-7.983647439787289
KFC,1006102028.0,8,7.542485213742846,1,-3.291592989503167
KFC,1006102028.0,9,7.434834999895363,1,-1.4272512414255423
KFC,1006102028.0,10,7.378595261115017,1,-0.7564356005363648
KFC,1006102028.0,11,7.354106906063114,1,-0.3318837012372233
KFC,1006102028.0,12,7.337911613364518,1,-0.22022106702369593
KFC,1006102046.0,1,3.657921026317304,1,0.0
KFC,1006102046.0,2,3.655007063202959,1,-0.07966172843481001
KFC,1006102046.0,3,3.535403111463192,1,-3.2723316171913375
KFC,1006102046.0,4,3.348343216563117,1,-5.291048545314448
KFC,1006102046.0,5,3.28197918034724,1,-1.9819962268980307
KFC,1006102046.0,6,3.24478469981513,1,-1.1332942254732692
KFC,1006102046.0,7,3.2241213369930497,1,-0.6368176854155361
KFC,1006102046.0,8,3.214552899747985,1,-0.2967765863920224
KFC,1006102046.0,9,3.211158072171028,1,-0.10560807934512084
KFC,1006102046.0,10,3.2092155707482557,1,-0.06049223922068858
KFC,1006102046.0,11,3.2084917021960937,1,-0.022555934190271465
KFC,1006102046.0,12,3.207933693341622,1,-0.017391625295137825
KFC,1006102198.0,1,15.038908942649318,1,0.0
KFC,1006102198.0,2,14.131044818351244,1,-6.036768543251392
KFC,1006102198.0,3,13.41775080276943,1,-5.047708961021035
KFC,1006102198.0,4,13.178026806487978,1,-1.7866183371953226
KFC,1006102198.0,5,12.934760487455604,1,-1.8459995764510517
KFC,1006102198.0,6,12.879694378617698,1,-0.4257219056457262
KFC,1006102198.0,7,12.844286549533328,1,-0.27491202852726326
KFC,1006102198.0,8,12.828734820592304,1,-0.12107896286064346
KFC,1006102198.0,9,12.82000584426844,1,-0.06804237865960516
KFC,1006102198.0,10,12.815791593067052,1,-0.032872459284194466
KFC,1006102198.0,11,12.81415270859158,1,-0.012788008166098042
KFC,1006102198.0,12,12.813208894781004,1,-0.007365401615222478
KFC,1006102281.0,1,11.996504207689584,1,0.0
KFC,1006102281.0,2,12.403669005898903,1,3.3940287200360686
KFC,1006102281.0,3,12.879861821960384,1,3.8391286951869885
KFC,1006102281.0,4,13.436441493972778,1,4.321317104997324
KFC,1006102281.0,5,14.13082867001751,1,5.167939564625157
KFC,1006102281.0,6,17.354940573320082,1,22.816155928232472
KFC,1006102281.0,7,31.293367473065068,1,80.31388434237951
KFC,1006102281.0,8,35.17294012358672,1,12.397427837898523
KFC,1006102281.0,9,36.90203286039961,1,4.915974413106761
KFC,1006102281.0,10,37.86581812359902,1,2.6117402985505134
KFC,1006102281.0,11,38.29999027221775,1,1.146607072377348
KFC,1006102281.0,12,38.5522166817431,1,0.6585547613266796
KFC,1006103008.0,1,22.14378529371192,1,0.0
KFC,1006103008.0,2,22.107217781659877,1,-0.1651366808656185
KFC,1006103008.0,3,20.490387587576578,1,-7.313585137902878
KFC,1006103008.0,4,18.921926917790984,1,-7.654616893321043
KFC,1006103008.0,5,18.108482915292505,1,-4.298949076553371
KFC,1006103008.0,6,17.682035835356405,1,-2.3549575186995297
KFC,1006103008.0,7,17.397514796149274,1,-1.609096610008065
KFC,1006103008.0,8,17.276676635720058,1,-0.694571390483667
KFC,1006103008.0,9,17.221063677095273,1,-0.3218961597614367
KFC,1006103008.0,10,17.194267699731185,1,-0.15560001325427564
KFC,1006103008.0,11,17.182283187797495,1,-0.06970062431840285
KFC,1006103008.0,12,17.174466368526975,1,-0.04549348410268772
KFC,1006103012.0,1,40.11855361660434,1,0.0
KFC,1006103012.0,2,39.63421115109417,1,-1.207277984492705
KFC,1006103012.0,3,39.09092215327632,1,-1.3707576914971709
KFC,1006103012.0,4,38.44959728584128,1,-1.6405979498779533
KFC,1006103012.0,5,37.73473363431046,1,-1.8592227279167428
KFC,1006103012.0,6,36.75783180136131,1,-2.588866380816035
KFC,1006103012.0,7,33.11289220405522,1,-9.916089765585967
KFC,1006103012.0,8,28.861875184976384,1,-12.837951432578965
KFC,1006103012.0,9,27.220046598982197,1,-5.6885721231613395
KFC,1006103012.0,10,26.29742051042762,1,-3.3895095851491863
KFC,1006103012.0,11,25.947629046597044,1,-1.330136024907369
KFC,1006103012.0,12,25.69840257648439,1,-0.9604980465270585
KFC,1006106038.0,1,3.587689242251112,1,0.0
KFC,1006106038.0,2,4.200373382848291,1,17.077402729918354
KFC,1006106038.0,3,4.340294261503533,1,3.3311533499995827
KFC,1006106038.0,4,4.465606499810896,1,2.8871830055124725
KFC,1006106038.0,5,4.533198789091476,1,1.5136194665482217
KFC,1006106038.0,6,4.55742678701954,1,0.534456992849397
KFC,1006106038.0,7,4.574766304797222,1,0.38046728094609517
KFC,1006106038.0,8,4.582286629818454,1,0.16438708603205843
KFC,1006106038.0,9,4.585809982518178,1,0.07689070947234367
KFC,1006106038.0,10,4.587448657806446,1,0.03573360637521006
KFC,1006106038.0,11,4.588277927424112,1,0.018076924223553448
KFC,1006106038.0,12,4.58873932234411,1,0.010055949689524724
KFC,2013104212.0,1,1.3461549884659512,1,0.0
KFC,2013104212.0,2,1.4345632015755148,1,6.567461686585707
KFC,2013104212.0,3,1.504548567809718,1,4.878513972569598
KFC,2013104212.0,4,1.5283539470707967,1,1.5822273717447377
KFC,2013104212.0,5,1.551938400975351,1,1.5431277519029951
KFC,2013104212.0,6,1.557280017941027,1,0.3441900118148489
KFC,2013104212.0,7,1.5607216532524029,1,0.2210029841599237
KFC,2013104212.0,8,1.5622568242086974,1,0.09836289213360772
KFC,2013104212.0,9,1.5631093067117567,1,0.054567372652769564
KFC,2013104212.0,10,1.5635254378865506,1,0.026622013764932007
KFC,2013104212.0,11,1.5636854726861975,1,0.010235509814493504
KFC,2013104212.0,12,1.5637783463792154,1,0.00593941010773591
KFC,2013104221.0,1,0.1774903320943638,1,0.0
KFC,2013104221.0,2,0.1774905576856093,1,0.00012710058223674991
KFC,2013104221.0,3,0.1774907957593711,1,0.00013413319834842952
KFC,2013104221.0,4,0.1774910427112303,1,0.00013913502283635637
KFC,2013104221.0,5,0.1774913466850924,1,0.0001712615225191172
KFC,2013104221.0,6,0.177491770785221,1,0.00023894129856927293
KFC,2013104221.0,7,0.1774925119469694,1,0.00041757527413643913
KFC,2013104221.0,8,0.1864076652380747,1,5.022833466782495
KFC,2013104221.0,9,0.1924048346590425,1,3.2172332684433202
KFC,2013104221.0,10,0.1966028870327909,1,2.1818850764263376
KFC,2013104221.0,11,0.1987018953063699,1,1.0676385811307476
KFC,2013104221.0,12,0.1997513904865882,1,0.5281757270609422
KFC,2013104290.0,1,0.01204719073162,1,0.0
KFC,2013104290.0,2,0.0120472339221221,1,0.00035851098452166497
KFC,2013104290.0,3,0.0120472841358521,1,0.0004168071303656262
KFC,2013104290.0,4,0.0120473440019952,1,0.0004969264642884497
KFC,2013104290.0,5,0.0120474201735612,1,0.0006322685397464056
KFC,2013104290.0,6,0.0120475219425064,1,0.0008447364143737701
KFC,2013104290.0,7,0.0128257986011172,1,6.460055954452049
KFC,2013104290.0,8,0.0147379972626418,1,14.909002713936559
KFC,2013104290.0,9,0.0155816506122127,1,5.724341879947348
KFC,2013104290.0,10,0.0160026954927326,1,2.7021840689322785
KFC,2013104290.0,11,0.016200310032302,1,1.2348828337022777
KFC,2013104290.0,12,0.0163200673137178,1,0.7392283306739911
KFC,2013114825.0,1,0.0523385680988736,1,0.0
KFC,2013114825.0,2,0.0490228113910724,1,-6.335207148841649
KFC,2013114825.0,3,0.0470563978267533,1,-4.01122152834591
KFC,2013114825.0,4,0.045640722938817,1,-3.008464211706907
KFC,2013114825.0,5,0.0451362595070439,1,-1.1052923777069679
KFC,2013114825.0,6,0.044916952312205,1,-0.4858780883353231
KFC,2013114825.0,7,0.0447896705664561,1,-0.28337128677876633
KFC,2013114825.0,8,0.0447340486253565,1,-0.12418475152004005
KFC,2013114825.0,9,0.0447075244094772,1,-0.0592931261407581
KFC,2013114825.0,10,0.0446953944720685,1,-0.02713175817475877
KFC,2013114825.0,11,0.0446894368456216,1,-0.013329396724814924
KFC,2013114825.0,12,0.0446857971407264,1,-0.008144441174706696
KFC,2013116007.0,1,0.1796041295730931,1,0.0
KFC,2013116007.0,2,0.1795700105183089,1,-0.018996809742233278
KFC,2013116007.0,3,0.167377750217457,1,-6.789697380793324
KFC,2013116007.0,4,0.1518548553260897,1,-9.274168682038065
KFC,2013116007.0,5,0.1448153411698912,1,-4.635685925933686
KFC,2013116007.0,6,0.141399589083334,1,-2.358694913786785
KFC,2013116007.0,7,0.1391486464364486,1,-1.5919018304634602
KFC,2013116007.0,8,0.1380918341741885,1,-0.759484399830479
KFC,2013116007.0,9,0.1376055343794264,1,-0.35215680758404755
KFC,2013116007.0,10,0.1374006468092765,1,-0.1488948617320629
KFC,2013116007.0,11,0.1373089411665198,1,-0.06674323948707706
KFC,2013116007.0,12,0.1372524290203487,1,-0.041156930998798025
KFC,2013116013.0,1,0.1399665601325757,1,0.0
KFC,2013116013.0,2,0.1399665601325757,1,0.0
KFC,2013116013.0,3,0.1399665601325757,1,0.0
KFC,2013116013.0,4,0.1399665601325757,1,0.0
KFC,2013116013.0,5,0.1399665601325757,1,0.0
KFC,2013116013.0,6,0.113237978348439,1,-19.09640542628146
KFC,2013116013.0,7,0.1132387907608695,1,0.0007174381266183971
KFC,2013116013.0,8,0.1134049925085616,1,0.14677103718201412
KFC,2013116013.0,9,0.1134037397981099,1,-0.0011046343057707908
KFC,2013116013.0,10,0.1134037397981099,1,0.0
KFC,2013116013.0,11,0.1129932295770988,1,-0.361990020560099
KFC,2013116013.0,12,0.1127165749850813,1,-0.24484174233531109
KFC,2013117008.0,1,0.2573708346851272,1,0.0
KFC,2013117008.0,2,0.2573747597302588,1,0.0015250543583755771
KFC,2013117008.0,3,0.2573793299213683,1,0.001775695143635403
KFC,2013117008.0,4,0.2573846789751811,1,0.0020782763769044976
KFC,2013117008.0,5,0.2573910055354966,1,0.0024580174471600102
KFC,2013117008.0,6,0.2573988886020125,1,0.0030626814248924106
KFC,2013117008.0,7,0.2574095493268193,1,0.004141713612182407
KFC,2013117008.0,8,0.2574254577023387,1,0.006180180790105183
KFC,2013117008.0,9,0.2783781259743107,1,8.139314758915406
KFC,2013117008.0,10,0.2912972484690662,1,4.6408540360486805
KFC,2013117008.0,11,0.2978187560492978,1,2.238781043935667
KFC,2013117008.0,12,0.3027588867498877,1,1.658770846444657
KFC,2013117012.0,1,0.2617719617008396,1,0.0
KFC,2013117012.0,2,0.2617735953454731,1,0.0006240716625693921
KFC,2013117012.0,3,0.2617754193268642,1,0.0006967782173239456
KFC,2013117012.0,4,0.2617774574633778,1,0.0007785820834049773
KFC,2013117012.0,5,0.2617797999274469,1,0.0008948303233502486
KFC,2013117012.0,6,0.2617825580959625,1,0.001053621599678145
KFC,2013117012.0,7,0.2617858304552486,1,0.0012500295321071775
KFC,2013117012.0,8,0.2617898051698658,1,0.0015183077748170959
KFC,2013117012.0,9,0.2617951995877923,1,0.0020605912911753066
KFC,2013117012.0,10,0.2653477127611564,1,1.3569817853641641
KFC,2013117012.0,11,0.2794604772460295,1,5.318592852381676
KFC,2013117012.0,12,0.2922629415980798,1,4.581135936721159
KFC,2013117020.0,1,0.0170297074740551,1,0.0
KFC,2013117020.0,2,0.0170296931510104,1,-8.410622860388628e-05
KFC,2013117020.0,3,0.0170296757470349,1,-0.00010219782203835237
KFC,2013117020.0,4,0.0170296534484484,1,-0.0001309395835424887
KFC,2013117020.0,5,0.0170296211252359,1,-0.00018980546254709907
KFC,2013117020.0,6,0.0165312829308833,1,-2.926302298141692
KFC,2013117020.0,7,0.0155641936922511,1,-5.850055574486046
KFC,2013117020.0,8,0.0150722331837406,1,-3.160848022313112
KFC,2013117020.0,9,0.0148642065000825,1,-1.380198150613221
KFC,2013117020.0,10,0.0147658063364965,1,-0.6619940565643634
KFC,2013117020.0,11,0.0147201612624946,1,-0.30912686352305707
KFC,2013117020.0,12,0.0146909199863214,1,-0.19864779775004004
KFC,2013117027.0,1,0.0198190170486312,1,0.0
KFC,2013117027.0,2,0.0198193074375553,1,0.0014652034628470645
KFC,2013117027.0,3,0.0198196766808558,1,0.001863048452444005
KFC,2013117027.0,4,0.019820189387323,1,0.0025868558577224476
KFC,2013117027.0,5,0.0203687321857926,1,2.7675961503195845
KFC,2013117027.0,6,0.0219417009030209,1,7.722467470633543
KFC,2013117027.0,7,0.0229370340853832,1,4.536262647829936
KFC,2013117027.0,8,0.0233323052220124,1,1.7232879157689007
KFC,2013117027.0,9,0.0235037874787755,1,0.7349563411390703
KFC,2013117027.0,10,0.023592396489716,1,0.3769988603773422
KFC,2013117027.0,11,0.0236273947383612,1,0.14834545808204425
KFC,2013117027.0,12,0.02365692658017,1,0.12498983546778142
KFC,2013117028.0,1,0.0185198030895972,1,0.0
KFC,2013117028.0,2,0.0185193887871285,1,-0.002237078151945404
KFC,2013117028.0,3,0.017612199745018,1,-4.898590620555576
KFC,2013117028.0,4,0.0167182607901542,1,-5.075680311408403
KFC,2013117028.0,5,0.0162678459517413,1,-2.694148895429138
KFC,2013117028.0,6,0.0160284157406494,1,-1.4718003342432118
KFC,2013117028.0,7,0.0158764290036788,1,-0.9482330595228294
KFC,2013117028.0,8,0.0158125400896891,1,-0.40241362824661175
KFC,2013117028.0,9,0.0157818750488731,1,-0.19392862020943813
KFC,2013117028.0,10,0.0157676246950764,1,-0.09029569523627545
KFC,2013117028.0,11,0.0157613024653823,1,-0.04009627205342481
KFC,2013117028.0,12,0.0157568797684549,1,-0.02806047873972206
KFC,2013117035.0,1,0.0058189672338932,1,0.0
KFC,2013117035.0,2,0.005197320509084,1,-10.683110933987605
KFC,2013117035.0,3,0.005128021258039,1,-1.3333649699662997
KFC,2013117035.0,4,0.0050487682279646,1,-1.5454894994859525
KFC,2013117035.0,5,0.0049953749372381,1,-1.0575508384552124
KFC,2013117035.0,6,0.0049693050948396,1,-0.521879593144492
KFC,2013117035.0,7,0.0049545758482673,1,-0.29640455337699434
KFC,2013117035.0,8,0.0049477187555712,1,-0.13839918705652599
KFC,2013117035.0,9,0.0049446744143043,1,-0.061530200427661885
KFC,2013117035.0,10,0.0049433127767904,1,-0.027537455448234383
KFC,2013117035.0,11,0.0049425773435713,1,-0.014877335347929233
KFC,2013117035.0,12,0.0049421853077294,1,-0.00793180995760645
KFC,2013117042.0,1,0.0148192093807083,1,0.0
KFC,2013117042.0,2,0.0148192047976954,1,-3.092616334132714e-05
KFC,2013117042.0,3,0.0148191994262313,1,-3.624664193235816e-05
KFC,2013117042.0,4,0.0148191922338285,1,-4.853435461305011e-05
KFC,2013117042.0,5,0.0148191832762969,1,-6.044547812278367e-05
KFC,2013117042.0,6,0.0148191708321053,1,-8.39735319280166e-05
KFC,2013117042.0,7,0.0145482827297928,1,-1.827957214216247
KFC,2013117042.0,8,0.0137189761313756,1,-5.700374496564454
KFC,2013117042.0,9,0.0132261987649551,1,-3.591939818989165
KFC,2013117042.0,10,0.0129991515975149,1,-1.7166471748617407
KFC,2013117042.0,11,0.0129096210313591,1,-0.6887416112057343
KFC,2013117042.0,12,0.0128404906294992,1,-0.5354952069621111
KFC,2013117047.0,1,5.027650663622623,1,0.0
KFC,2013117047.0,2,5.026340472515177,1,-0.02605970850214634
KFC,2013117047.0,3,5.024502217947349,1,-0.036572424368774836
KFC,2013117047.0,4,4.995746872658603,1,-0.5723023702931873
KFC,2013117047.0,5,4.477919201473182,1,-10.36537047181989
KFC,2013117047.0,6,4.150087720006903,1,-7.3210673689339085
KFC,2013117047.0,7,3.986012453100844,1,-3.9535373219963144
KFC,2013117047.0,8,3.9116297541327136,1,-1.8660929900072398
KFC,2013117047.0,9,3.881422480392813,1,-0.7722426619744982
KFC,2013117047.0,10,3.866833644431949,1,-0.3758631283906855
KFC,2013117047.0,11,3.860459119101537,1,-0.164851294794921
KFC,2013117047.0,12,3.856212304247401,1,-0.11000802555123368
KFC,2013117049.0,1,5.051228306265511,1,0.0
KFC,2013117049.0,2,4.902182930957716,1,-2.9506758806154054
KFC,2013117049.0,3,4.465621500276574,1,-8.90544960948354
KFC,2013117049.0,4,4.165382976996147,1,-6.723331192798843
KFC,2013117049.0,5,4.066348061051461,1,-2.3775704777116213
KFC,2013117049.0,6,3.998476897441267,1,-1.669093805822519
KFC,2013117049.0,7,3.968126480062908,1,-0.7590494620034249
KFC,2013117049.0,8,3.952109478050875,1,-0.403641418500833
KFC,2013117049.0,9,3.9467487752013697,1,-0.13564155748411189
KFC,2013117049.0,10,3.943895714179974,1,-0.07228889356530876
KFC,2013117049.0,11,3.9427583652511418,1,-0.028838210015114107
KFC,2013117049.0,12,3.941917159468676,1,-0.02133546376769102
KFC,2013117051.0,1,0.0548328779212181,1,0.0
KFC,2013117051.0,2,0.0530924414929774,1,-3.1740745593205832
KFC,2013117051.0,3,0.0475368534668101,1,-10.463990485165652
KFC,2013117051.0,4,0.0439655726487534,1,-7.5126571441042955
KFC,2013117051.0,5,0.042426430165057,1,-3.500790256942199
KFC,2013117051.0,6,0.0416222303897477,1,-1.8955160077824385
KFC,2013117051.0,7,0.0412139159619871,1,-0.9810008352199695
KFC,2013117051.0,8,0.0409720633791771,1,-0.586822623293215
KFC,2013117051.0,9,0.0408877812177065,1,-0.20570641192906303
KFC,2013117051.0,10,0.0408326126405579,1,-0.1349268057732167
KFC,2013117051.0,11,0.0408047975846086,1,-0.068119706652503
KFC,2013117051.0,12,0.0407908153784127,1,-0.034266083949840986
KFC,2013118007.0,1,0.0237281064566045,1,0.0
KFC,2013118007.0,2,0.023728579995627,1,0.0019956882078453475
KFC,2013118007.0,3,0.0237291115995071,1,0.0022403526894532177
KFC,2013118007.0,4,0.0237297097619072,1,0.0025207955956840777
KFC,2013118007.0,5,0.0237303823566307,1,0.0028343992836354914
KFC,2013118007.0,6,0.0237311613584349,1,0.0032827191424722457
KFC,2013118007.0,7,0.0237320949236042,1,0.00393392112252311
KFC,2013118007.0,8,0.0237332456710988,1,0.004848908190813184
KFC,2013118007.0,9,0.0237346736221941,1,0.006016670096831156
KFC,2013118007.0,10,0.0237364594287777,1,0.007524041038120544
KFC,2013118007.0,11,0.0248119490014095,1,4.53096038126013
KFC,2013118007.0,12,0.0271973216925579,1,9.613806198831432
KFC,2013118015.0,1,0.0374012539019646,1,0.0
KFC,2013118015.0,2,0.0374013484902578,1,0.0002529013958918469
KFC,2013118015.0,3,0.0374014711360253,1,0.00032791803625809024
KFC,2013118015.0,4,0.0374016406283086,1,0.00045317009773615524
KFC,2013118015.0,5,0.0402327522157708,1,7.569485027668499
KFC,2013118015.0,6,0.0428788920006138,1,6.5770787209674
KFC,2013118015.0,7,0.0442804472201717,1,3.268636744479858
KFC,2013118015.0,8,0.0450213517450096,1,1.6732092184027936
KFC,2013118015.0,9,0.0453891803081817,1,0.8170091499148935
KFC,2013118015.0,10,0.0455471174397989,1,0.3479620705746367
KFC,2013118015.0,11,0.0456259379161642,1,0.17305261187929855
KFC,2013118015.0,12,0.0456728266265533,1,0.10276766359358369
KFC,2013118020.0,1,0.035378188867246,1,0.0
KFC,2013118020.0,2,0.0374745346365455,1,5.9255316239219535
KFC,2013118020.0,3,0.0385100434835122,1,2.7632333717010793
KFC,2013118020.0,4,0.0388659721995173,1,0.9242490628645461
KFC,2013118020.0,5,0.0390559376468645,1,0.48877060471308464
KFC,2013118020.0,6,0.039170200832031,1,0.29256290349408687
KFC,2013118020.0,7,0.0392333563653778,1,0.16123362149105258
KFC,2013118020.0,8,0.0392622075970773,1,0.0735375057662857
KFC,2013118020.0,9,0.0392747201281697,1,0.03186914811519337
KFC,2013118020.0,10,0.0392811905799878,1,0.016474851499848064
KFC,2013118020.0,11,0.0392840700353692,1,0.007330366872504435
KFC,2013118020.0,12,0.0392860860557906,1,0.005131903134247828
KFC,2013904860.0,1,0.078258487629382,1,0.0
KFC,2013904860.0,2,0.0782584031528779,1,-0.00010794548510606461
KFC,2013904860.0,3,0.0670065364563148,1,-14.377838344826133
KFC,2013904860.0,4,0.0670063591498346,1,-0.0002646107224335559
KFC,2013904860.0,5,0.0652337978990714,1,-2.6453627286322723
KFC,2013904860.0,6,0.0653799778002489,1,0.22408614228419665
KFC,2013904860.0,7,0.0653800652757849,1,0.00013379560370729848
KFC,2013904860.0,8,0.065379953482294,1,-0.0001709901793822688
KFC,2013904860.0,9,0.0652086118538324,1,-0.26207058790277404
KFC,2013904860.0,10,0.0690135046752537,1,5.834954484156363
KFC,2013904860.0,11,0.0693351445309654,1,0.4660535024632928
KFC,2013904860.0,12,0.0695146280598105,1,0.25886371198799996
KFC,2013995231.0,1,0.031204722112002,1,0.0
KFC,2013995231.0,2,0.0246765942603679,1,-20.920320418822904
KFC,2013995231.0,3,0.0244311130776463,1,-0.9947936094076737
KFC,2013995231.0,4,0.0241521975880324,1,-1.1416405332309587
KFC,2013995231.0,5,0.0238213151876696,1,-1.3699887935943122
KFC,2013995231.0,6,0.0236897696980646,1,-0.5522175772775695
KFC,2013995231.0,7,0.0235935432405572,1,-0.4061941451261153
KFC,2013995231.0,8,0.0235551228296478,1,-0.16284290374561916
KFC,2013995231.0,9,0.0235424520603475,1,-0.053791989929052875
KFC,2013995231.0,10,0.0235376780247258,1,-0.020278412841034932
KFC,2013995231.0,11,0.0235340782354147,1,-0.015293731638765795
KFC,2013995231.0,12,0.0235321423227448,1,-0.008225997426103415
KFC,2013995272.0,1,0.1776904749826316,1,0.0
KFC,2013995272.0,2,0.1782217942252577,1,0.29901391319822057
KFC,2013995272.0,3,0.1880469224478669,1,5.51286573301526
KFC,2013995272.0,4,0.1950333258496938,1,3.7152447436430647
KFC,2013995272.0,5,0.197751468148901,1,1.3936809452257393
KFC,2013995272.0,6,0.1990138353238452,1,0.6383604565674661
KFC,2013995272.0,7,0.1999761385398626,1,0.483535837823279
KFC,2013995272.0,8,0.2004238791825799,1,0.22389703390939264
KFC,2013995272.0,9,0.2005994921457899,1,0.08762077848518679
KFC,2013995272.0,10,0.2006949343915456,1,0.04757850816807796
KFC,2013995272.0,11,0.2007456091883293,1,0.025249664092075186
KFC,2013995272.0,12,0.2007732386907632,1,0.013763440478542499
NFC,1001101103.0,1,2.874925663260437,1,0.0
NFC,1001101103.0,2,2.715385641268746,1,-5.549361641954853
NFC,1001101103.0,3,2.6619283509411686,1,-1.9686813362760458
NFC,1001101103.0,4,2.6165881675076883,1,-1.7032833891809873
NFC,1001101103.0,5,2.588054651571833,1,-1.0904855525290191
NFC,1001101103.0,6,2.575486803296803,1,-0.48560984859408185
NFC,1001101103.0,7,2.566277751705173,1,-0.35756547382971293
NFC,1001101103.0,8,2.5621391623335485,1,-0.16126817796221493
NFC,1001101103.0,9,2.560342412294627,1,-0.0701269495949397
NFC,1001101103.0,10,2.559366210473762,1,-0.038127783853336705
NFC,1001101103.0,11,2.558989667226148,1,-0.014712363008961837
NFC,1001101103.0,12,2.558784833089637,1,-0.008004492520408135
NFC,1006102035.0,1,4.005472484104754,1,0.0
NFC,1006102035.0,2,4.010119954640109,1,0.11602802300596515
NFC,1006102035.0,3,4.016409142017817,1,0.15683289898675845
NFC,1006102035.0,4,4.067294158941988,1,1.2669281222332351
NFC,1006102035.0,5,4.292929802364946,1,5.547561464835193
NFC,1006102035.0,6,4.367707227748178,1,1.7418739375155257
NFC,1006102035.0,7,4.440437203995818,1,1.6651751698370187
NFC,1006102035.0,8,4.4698067708077,1,0.6614116012146898
NFC,1006102035.0,9,4.484236282955746,1,0.32282183297689393
NFC,1006102035.0,10,4.49213650695371,1,0.17617769224140822
NFC,1006102035.0,11,4.495910342635961,1,0.08400981752021419
NFC,1006102035.0,12,4.497941393687378,1,0.045175523901264114
NFC,1006102042.0,1,0.5416495044205727,1,0.0
NFC,1006102042.0,2,0.5741554361841987,1,6.001285240424825
NFC,1006102042.0,3,0.5926015665954091,1,3.21274157635818
NFC,1006102042.0,4,0.6018730518069872,1,1.5645394366478493
NFC,1006102042.0,5,0.6056511118450589,1,0.6277170952792899
NFC,1006102042.0,6,0.6078840423650411,1,0.36868264192231326
NFC,1006102042.0,7,0.6141562734130949,1,1.0318137359965673
NFC,1006102042.0,8,0.6170383636782949,1,0.4692763698697089
NFC,1006102042.0,9,0.618536632574635,1,0.2428161658229122
NFC,1006102042.0,10,0.6192779587010692,1,0.11985161223975194
NFC,1006102042.0,11,0.6196439300762825,1,0.059096463885288664
NFC,1006102042.0,12,0.6198219649147564,1,0.02873179738112075
NFC,1006102058.0,1,1.045189656163543,1,0.0
NFC,1006102058.0,2,1.045191376736727,1,0.00016461827514469007
NFC,1006102058.0,3,1.07907266807275,1,3.2416351770722107
NFC,1006102058.0,4,1.1435394442882532,1,5.974275701991627
NFC,1006102058.0,5,1.1723790518789317,1,2.521960019370262
NFC,1006102058.0,6,1.187420570813519,1,1.2829911034729635
NFC,1006102058.0,7,1.1956318386543978,1,0.691521440903875
NFC,1006102058.0,8,1.1991490063026702,1,0.2941681155154585
NFC,1006102058.0,9,1.2008525153913112,1,0.14205983407296063
NFC,1006102058.0,10,1.20174743588514,1,0.07452376393926041
NFC,1006102058.0,11,1.202192926137159,1,0.03707020616112722
NFC,1006102058.0,12,1.2024087489130513,1,0.01795242437383493
NFC,1006102170.0,1,2.371275979157345,1,0.0
NFC,1006102170.0,2,2.369496572835456,1,-0.07504003488119082
NFC,1006102170.0,3,2.3638724338697825,1,-0.23735585989657082
NFC,1006102170.0,4,2.2126464109349104,1,-6.397385102854603
NFC,1006102170.0,5,2.1705348686969645,1,-1.903220597282529
NFC,1006102170.0,6,2.132942360948737,1,-1.7319467330555005
NFC,1006102170.0,7,2.1101637495278927,1,-1.0679431304797427
NFC,1006102170.0,8,2.1056397909009306,1,-0.214388984171221
NFC,1006102170.0,9,2.103007098025208,1,-0.12503054354782162
NFC,1006102170.0,10,2.101512866158796,1,-0.07105215516463037
NFC,1006102170.0,11,2.1007405608613503,1,-0.03674996760106852
NFC,1006102170.0,12,2.10037086437297,1,-0.01759838864771046
NFC,1006102171.0,1,1.683885416123696,1,0.0
NFC,1006102171.0,2,2.1770581139609533,1,29.28778247706074
NFC,1006102171.0,3,2.9776385817197903,1,36.77350010203706
NFC,1006102171.0,4,3.159887905502522,1,6.120599219179601
NFC,1006102171.0,5,3.21422299129007,1,1.7195257367494055
NFC,1006102171.0,6,3.258960503776717,1,1.39186088233072
NFC,1006102171.0,7,3.2871600221044432,1,0.8652918099205875
NFC,1006102171.0,8,3.2928768732229736,1,0.17391459740589976
NFC,1006102171.0,9,3.296231145828869,1,0.10186450131712821
NFC,1006102171.0,10,3.2981131583363714,1,0.05709588994946557
NFC,1006102171.0,11,3.299066198920032,1,0.028896539867084847
NFC,1006102171.0,12,3.2995320794844667,1,0.01412158884799286
NFC,1006102173.0,1,2.3487442654172748,1,0.0
NFC,1006102173.0,2,2.2053377798144345,1,-6.105666236820506
NFC,1006102173.0,3,1.9905806644608488,1,-9.738059961574507
NFC,1006102173.0,4,1.938285995014437,1,-2.6271062700478742
NFC,1006102173.0,5,1.9239928338016603,1,-0.7374123968052704
NFC,1006102173.0,6,1.9110544754298453,1,-0.6724743535686528
NFC,1006102173.0,7,1.9034618158609424,1,-0.3973021003074839
NFC,1006102173.0,8,1.901932594754017,1,-0.08033894319197099
NFC,1006102173.0,9,1.9010280712740408,1,-0.04755812495517153
NFC,1006102173.0,10,1.9005197205969464,1,-0.026740829595095494
NFC,1006102173.0,11,1.9002543616121037,1,-0.013962443113157974
NFC,1006102173.0,12,1.9001275777256843,1,-0.006671942924096896
NFC,1006102174.0,1,1.953282889252146,1,0.0
NFC,1006102174.0,2,1.8238675387242755,1,-6.62553034381107
NFC,1006102174.0,3,1.632654516408642,1,-10.483931439965188
NFC,1006102174.0,4,1.5850577475607983,1,-2.915299493523127
NFC,1006102174.0,5,1.571914904788585,1,-0.829171226880443
NFC,1006102174.0,6,1.5602792929944294,1,-0.7402189367064049
NFC,1006102174.0,7,1.5531884716904587,1,-0.454458463674301
NFC,1006102174.0,8,1.551777989024139,1,-0.0908120741319074
NFC,1006102174.0,9,1.5509458863173455,1,-0.05362253574151543
NFC,1006102174.0,10,1.550475166672295,1,-0.030350487995967068
NFC,1006102174.0,11,1.5502329356532625,1,-0.01562301830040358
NFC,1006102174.0,12,1.5501164872441378,1,-0.007511671726656566
NFC,1006102343.0,1,22.894595176655603,1,0.0
NFC,1006102343.0,2,22.972635778669204,1,0.3408691064918923
NFC,1006102343.0,3,23.97599977849374,1,4.367648577601146
NFC,1006102343.0,4,25.33896180480772,1,5.684693188630008
NFC,1006102343.0,5,25.62900651327316,1,1.1446590065517626
NFC,1006102343.0,6,25.82311177731962,1,0.757365541836097
NFC,1006102343.0,7,25.924202446655794,1,0.3914736156041432
NFC,1006102343.0,8,25.96100181477435,1,0.14194985629463197
NFC,1006102343.0,9,25.978178349433517,1,0.06616283447655746
NFC,1006102343.0,10,25.99040886295378,1,0.047079950548312155
NFC,1006102343.0,11,25.994339638353743,1,0.015123945993655852
NFC,1006102343.0,12,25.997167123202622,1,0.010877309784418365
NFC,1006102403.0,1,9.55907094830394,1,0.0
NFC,1006102403.0,2,8.028871971738946,1,-16.007821103540365
NFC,1006102403.0,3,6.504339265845847,1,-18.98813072694825
NFC,1006102403.0,4,5.762689192233353,1,-11.402389132849876
NFC,1006102403.0,5,5.408716852148622,1,-6.142485361900063
NFC,1006102403.0,6,5.223039454188743,1,-3.4329287894987237
NFC,1006102403.0,7,5.12987641700195,1,-1.7836939200617907
NFC,1006102403.0,8,5.081168474797471,1,-0.9494954311773718
NFC,1006102403.0,9,5.0595767203596616,1,-0.42493679445788635
NFC,1006102403.0,10,5.048659166479722,1,-0.215779984835629
NFC,1006102403.0,11,5.043395184264872,1,-0.10426495513502498
NFC,1006102403.0,12,5.040698234805434,1,-0.05347487874542978
NFC,1006102441.0,1,2.0592992255775138,1,0.0
NFC,1006102441.0,2,2.3556487061275275,1,14.390792599210789
NFC,1006102441.0,3,2.4779757053033302,1,5.192921969120645
NFC,1006102441.0,4,2.5715063934210565,1,3.774479625347138
NFC,1006102441.0,5,2.6262411157211893,1,2.1285081164941433
NFC,1006102441.0,6,2.6434515905497,1,0.6553272936550059
NFC,1006102441.0,7,2.655701371830069,1,0.46340100662942696
NFC,1006102441.0,8,2.661034059919496,1,0.20080149620709253
NFC,1006102441.0,9,2.663768687983956,1,0.10276561678217444
NFC,1006102441.0,10,2.6651486504238404,1,0.05180489004579236
NFC,1006102441.0,11,2.665874204998677,1,0.02722379386685958
NFC,1006102441.0,12,2.6662702599881847,1,0.014856477052238581
NFC,1006106045.0,1,1.647128151307452,1,0.0
NFC,1006106045.0,2,1.64723644935812,1,0.006574962038130572
NFC,1006106045.0,3,1.7597243710116084,1,6.828887358419111
NFC,1006106045.0,4,1.814030509441748,1,3.086059346835146
NFC,1006106045.0,5,1.8388286657590756,1,1.3670198041464632
NFC,1006106045.0,6,1.8510556923510668,1,0.6649356092642833
NFC,1006106045.0,7,1.8555140068074631,1,0.24085252944139324
NFC,1006106045.0,8,1.857870878162418,1,0.127019863299771
NFC,1006106045.0,9,1.8589320665087357,1,0.05711851984930849
NFC,1006106045.0,10,1.8594227437846584,1,0.02639565397590804
NFC,1006106045.0,11,1.8596719823480397,1,0.013404082757095814
NFC,1006106045.0,12,1.8598359668388715,1,0.008817925547544014
NFC,2011104113.0,1,0.3177403237403352,1,0.0
NFC,2011104113.0,2,0.2962811810505648,1,-6.753673074024846
NFC,2011104113.0,3,0.2876239936673983,1,-2.9219498020324752
NFC,2011104113.0,4,0.2770726231530275,1,-3.6684597761938442
NFC,2011104113.0,5,0.2734488318588252,1,-1.3078850060913028
NFC,2011104113.0,6,0.2723107323073309,1,-0.4162020162082336
NFC,2011104113.0,7,0.271626300935693,1,-0.2513420480487749
NFC,2011104113.0,8,0.2712570173557961,1,-0.13595280671452326
NFC,2011104113.0,9,0.2711124995596836,1,-0.0532770718786435
NFC,2011104113.0,10,0.2710426012356167,1,-0.025782036674970588
NFC,2011104113.0,11,0.2710154042005441,1,-0.010034228917743526
NFC,2011104113.0,12,0.2709932242840761,1,-0.00818400582559553
NFC,2011104115.0,1,0.3962433365141996,1,0.0
NFC,2011104115.0,2,0.3284700963525983,1,-17.103944449340315
NFC,2011104115.0,3,0.3100038837210053,1,-5.621885473486243
NFC,2011104115.0,4,0.2976485567005502,1,-3.9855394300719604
NFC,2011104115.0,5,0.2890684416195485,1,-2.882632852687994
NFC,2011104115.0,6,0.2852171228950333,1,-1.3323207137166504
NFC,2011104115.0,7,0.283175407171055,1,-0.7158461256653648
NFC,2011104115.0,8,0.2822388825743162,1,-0.33072243317129324
NFC,2011104115.0,9,0.2817515884215301,1,-0.17265309029763642
NFC,2011104115.0,10,0.2815104279131588,1,-0.08559330924179376
NFC,2011104115.0,11,0.2814009958584558,1,-0.03887317976609683
NFC,2011104115.0,12,0.2813424184424513,1,-0.020816349930041778
NFC,2011104139.0,1,0.1214450558862207,1,0.0
NFC,2011104139.0,2,0.1891704380288874,1,55.76627360286874
NFC,2011104139.0,3,0.2199361546493781,1,16.26349071295834
NFC,2011104139.0,4,0.2371359343382409,1,7.8203511906819845
NFC,2011104139.0,5,0.245731043398334,1,3.6245493893951153
NFC,2011104139.0,6,0.2496424563767396,1,1.5917455622670884
NFC,2011104139.0,7,0.2516744402531785,1,0.8139576520479253
NFC,2011104139.0,8,0.2526086302521446,1,0.37118985862303333
NFC,2011104139.0,9,0.2532109723719897,1,0.23844874945242456
NFC,2011104139.0,10,0.2534610092124031,1,0.09874644770373475
NFC,2011104139.0,11,0.253574116588371,1,0.04462515805461198
NFC,2011104139.0,12,0.2536373556761975,1,0.02493909420935303
NFC,2011104143.0,1,0.2423332145625762,1,0.0
NFC,2011104143.0,2,0.2426698265210835,1,0.1389045901589947
NFC,2011104143.0,3,0.2431468056969934,1,0.19655479329585557
NFC,2011104143.0,4,0.3047680149517082,1,25.343211512927045
NFC,2011104143.0,5,0.3600339673675932,1,18.13377707127244
NFC,2011104143.0,6,0.3944721779233484,1,9.565267079534735
NFC,2011104143.0,7,0.4135847422552449,1,4.845098184747099
NFC,2011104143.0,8,0.4205633683606438,1,1.687350956745881
NFC,2011104143.0,9,0.4249608982006997,1,1.0456283573144987
NFC,2011104143.0,10,0.4274996599754614,1,0.5974106760200604
NFC,2011104143.0,11,0.4285323830555905,1,0.2415728424645769
NFC,2011104143.0,12,0.4291270909611205,1,0.13877782147746487
NFC,2011104215.0,1,0.0713626325685874,1,0.0
NFC,2011104215.0,2,0.0713625708239108,1,-8.652241988427178e-05
NFC,2011104215.0,3,0.0713624950846931,1,-0.0001061329725549065
NFC,2011104215.0,4,0.0713623958410439,1,-0.0001390697579761735
NFC,2011104215.0,5,0.071362253339085,1,-0.0001996877448173784
NFC,2011104215.0,6,0.0675645642654133,1,-5.321705658069109
NFC,2011104215.0,7,0.0630278412340546,1,-6.714648544963797
NFC,2011104215.0,8,0.0607343978919355,1,-3.6387781926440543
NFC,2011104215.0,9,0.0594802064467552,1,-2.06504302127416
NFC,2011104215.0,10,0.0588560561520558,1,-1.0493411707609313
NFC,2011104215.0,11,0.058548520919953,1,-0.52252096421187
NFC,2011104215.0,12,0.0583854089194398,1,-0.278592862723559
NFC,2011104235.0,1,0.1056582882936253,1,0.0
NFC,2011104235.0,2,0.1056595669785959,1,0.0012102079176568026
NFC,2011104235.0,3,0.1069615663998967,1,1.2322589033178177
NFC,2011104235.0,4,0.1075212264696011,1,0.5232347361219691
NFC,2011104235.0,5,0.1090127074570684,1,1.3871502738940222
NFC,2011104235.0,6,0.1159347736915176,1,6.349779210075357
NFC,2011104235.0,7,0.1258145827394787,1,8.521868576074997
NFC,2011104235.0,8,0.1259676042425362,1,0.12162461594324991
NFC,2011104235.0,9,0.1259788755472435,1,0.00894778048299294
NFC,2011104235.0,10,0.1259894551324877,1,0.008397904171020265
NFC,2011104235.0,11,0.1259947201444311,1,0.00417893063977548
NFC,2011104235.0,12,0.1259973604845865,1,0.0020955958728974267
NFC,2011104269.0,1,0.0786703692072119,1,0.0
NFC,2011104269.0,2,0.0786747452600246,1,0.005562517192680971
NFC,2011104269.0,3,0.0786801577252825,1,0.006879545958504707
NFC,2011104269.0,4,0.0786862516478947,1,0.007745183523244492
NFC,2011104269.0,5,0.0786948524074136,1,0.0109304476179517
NFC,2011104269.0,6,0.0945592512560409,1,20.15938573274807
NFC,2011104269.0,7,0.1121100872763085,1,18.560675753179012
NFC,2011104269.0,8,0.1155997749791337,1,3.1127330177028956
NFC,2011104269.0,9,0.117659191505013,1,1.7815056528016848
NFC,2011104269.0,10,0.1188244848154345,1,0.9903971763836728
NFC,2011104269.0,11,0.1194236098719502,1,0.5042101023592149
NFC,2011104269.0,12,0.1197118247063647,1,0.24133823682228606
NFC,2011104356.0,1,0.2809255420599926,1,0.0
NFC,2011104356.0,2,0.2809423882614688,1,0.005996678462438787
NFC,2011104356.0,3,0.28096527761548,1,0.008147347985776321
NFC,2011104356.0,4,0.2809938280462304,1,0.010161551275200686
NFC,2011104356.0,5,0.2810341794428985,1,0.014360243051836363
NFC,2011104356.0,6,0.2964727397860315,1,5.493481388540444
NFC,2011104356.0,7,0.3070608066834298,1,3.5713458529238906
NFC,2011104356.0,8,0.3112559040786124,1,1.3662106344648706
NFC,2011104356.0,9,0.3129412319103868,1,0.5414605183999166
NFC,2011104356.0,10,0.3138078254380498,1,0.2769189353453827
NFC,2011104356.0,11,0.3145511934015627,1,0.2368863690620726
NFC,2011104356.0,12,0.3147755120150907,1,0.07131386503489434
NFC,2011104821.0,1,0.0813352497116814,1,0.0
NFC,2011104821.0,2,0.0813363910211073,1,0.001403216231521398
NFC,2011104821.0,3,0.081337732431574,1,0.0016492131625911455
NFC,2011104821.0,4,0.0813395543506342,1,0.0022399432658470886
NFC,2011104821.0,5,0.0813415665675437,1,0.0024738479643238165
NFC,2011104821.0,6,0.0813446922287223,1,0.003842637055684328
NFC,2011104821.0,7,0.1133717102415058,1,39.371982529273076
NFC,2011104821.0,8,0.130373375381119,1,14.996391166187806
NFC,2011104821.0,9,0.1390275202533787,1,6.637969483386552
NFC,2011104821.0,10,0.1427799843348104,1,2.6990800631362832
NFC,2011104821.0,11,0.1450164441660944,1,1.5663678923228064
NFC,2011104821.0,12,0.1460082237460064,1,0.6839083564730286
NFC,2011114014.0,1,0.1541577183266104,1,0.0
NFC,2011114014.0,2,0.154156201453216,1,-0.000983974990587111
NFC,2011114014.0,3,0.154154403252405,1,-0.0011664797095800594
NFC,2011114014.0,4,0.1541514228952449,1,-0.0019333584362457579
NFC,2011114014.0,5,0.1541476297858353,1,-0.00246063859700163
NFC,2011114014.0,6,0.154142751555623,1,-0.003164648213593857
NFC,2011114014.0,7,0.1541361003939998,1,-0.004314936353511101
NFC,2011114014.0,8,0.1157371909746524,1,-24.912340017161995
NFC,2011114014.0,9,0.1012065749490151,1,-12.554837302747101
NFC,2011114014.0,10,0.0931191837560839,1,-7.990974101243308
NFC,2011114014.0,11,0.089283503093506,1,-4.119108982554087
NFC,2011114014.0,12,0.0871418090107429,1,-2.39875677875242
NFC,2011114086.0,1,0.1213202148646136,1,0.0
NFC,2011114086.0,2,0.1213200135072515,1,-0.0001659718146140854
NFC,2011114086.0,3,0.1213197423844341,1,-0.00022347740455952447
NFC,2011114086.0,4,0.1213192299289444,1,-0.00042240074009658457
NFC,2011114086.0,5,0.1144662937108587,1,-5.648680940440687
NFC,2011114086.0,6,0.1072162351884074,1,-6.333793370443985
NFC,2011114086.0,7,0.1033527505950964,1,-3.603451087908305
NFC,2011114086.0,8,0.1016653319641223,1,-1.632678976861368
NFC,2011114086.0,9,0.1008284130071662,1,-0.8232097813357209
NFC,2011114086.0,10,0.1004083000481023,1,-0.41666128280134496
NFC,2011114086.0,11,0.10021534176604,1,-0.19217363700996248
NFC,2011114086.0,12,0.1001076704706185,1,-0.10743993237368743
NFC,2011114488.0,1,0.0471041446111471,1,0.0
NFC,2011114488.0,2,0.0457380123337967,1,-2.9002379485458363
NFC,2011114488.0,3,0.0433364487000066,1,-5.25069523411611
NFC,2011114488.0,4,0.0427793963804717,1,-1.2854129404812453
NFC,2011114488.0,5,0.0423256500398852,1,-1.0606655983431135
NFC,2011114488.0,6,0.0421509454588248,1,-0.41276290120947356
NFC,2011114488.0,7,0.0420788554820355,1,-0.171028137102458
NFC,2011114488.0,8,0.0420435410309952,1,-0.08392445715490471
NFC,2011114488.0,9,0.0420218613749063,1,-0.05156477203697163
NFC,2011114488.0,10,0.0420093697694505,1,-0.02972644487200249
NFC,2011114488.0,11,0.0420039870525713,1,-0.012813134090661205
NFC,2011114488.0,12,0.0420019935617767,1,-0.0047459561210327905
NFC,2011114816.0,1,0.0483787433615489,1,0.0
NFC,2011114816.0,2,0.0508046740278525,1,5.014455725263245
NFC,2011114816.0,3,0.0515950400826391,1,1.5556955534313577
NFC,2011114816.0,4,0.0519368405348883,1,0.6624676552275943
NFC,2011114816.0,5,0.0520843665098349,1,0.2840488051010892
NFC,2011114816.0,6,0.0522239515835534,1,0.26799802526566996
NFC,2011114816.0,7,0.0522732121448311,1,0.0943256107284185
NFC,2011114816.0,8,0.0522965684564657,1,0.044681225194054264
NFC,2011114816.0,9,0.0523074343765274,1,0.020777501052959835
NFC,2011114816.0,10,0.0523126705079557,1,0.010010300621132728
NFC,2011114816.0,11,0.0523152225240325,1,0.00487838998091128
NFC,2011114816.0,12,0.0523166112618555,1,0.00265455780554813
NFC,2011995253.0,1,0.1066673756814919,1,0.0
NFC,2011995253.0,2,0.1066681884922725,1,0.0007620050417544988
NFC,2011995253.0,3,0.1066691231547625,1,0.0008762335830470036
NFC,2011995253.0,4,0.1066702079834538,1,0.0010170034769219072
NFC,2011995253.0,5,0.1066714721466326,1,0.0011851136345386593
NFC,2011995253.0,6,0.1066731083940604,1,0.001533912858686648
NFC,2011995253.0,7,0.1066751477345698,1,0.0019117662737322405
NFC,2011995253.0,8,0.1085975425297516,1,1.8021018353451046
NFC,2011995253.0,9,0.1197402859460088,1,10.260585236728105
NFC,2011995253.0,10,0.12669390013303,1,5.8072470197345405
NFC,2011995253.0,11,0.1309222193491679,1,3.337429198799713
NFC,2011995253.0,12,0.1324611045345062,1,1.1754194154272035
NFC,2011995270.0,1,0.0469421999566323,1,0.0
NFC,2011995270.0,2,0.0469422186151797,1,3.9747918534338567e-05
NFC,2011995270.0,3,0.0469422390887286,1,4.361436145572384e-05
NFC,2011995270.0,4,0.0469422619246823,1,4.8646920447481534e-05
NFC,2011995270.0,5,0.046942287666495,1,5.483718006349392e-05
NFC,2011995270.0,6,0.0469423192625767,1,6.730835515611489e-05
NFC,2011995270.0,7,0.0469423555682221,1,7.734097071665502e-05
NFC,2011995270.0,8,0.0469424039476451,1,0.0001030613449470863
NFC,2011995270.0,9,0.0469424756210882,1,0.00015268379347510574
NFC,2011995270.0,10,0.0520336812700983,1,10.845626656134332
NFC,2011995270.0,11,0.0562911088714331,1,8.182061113906558
NFC,2011995270.0,12,0.0581455571637148,1,3.2943893440031458
NFC,2011995272.0,1,0.1193912324880366,1,0.0
NFC,2011995272.0,2,0.1274867544737443,1,6.780667069936563
NFC,2011995272.0,3,0.130024909816959,1,1.9909169024594053
NFC,2011995272.0,4,0.1324835433687586,1,1.8908942565395437
NFC,2011995272.0,5,0.1331669346493202,1,0.5158310709273861
NFC,2011995272.0,6,0.1335062955260774,1,0.25483869374245405
NFC,2011995272.0,7,0.1337958750769687,1,0.21690329265013908
NFC,2011995272.0,8,0.1339089919278007,1,0.08454434844642478
NFC,2011995272.0,9,0.1339500047201011,1,0.030627362442170458
NFC,2011995272.0,10,0.1339797192069476,1,0.02218326674088278
NFC,2011995272.0,11,0.1339879396638751,1,0.006135597966738793
NFC,2011995272.0,12,0.1339940316323332,1,0.004546654328274613
NFC,2011995273.0,1,0.0385092122955403,1,0.0
NFC,2011995273.0,2,0.0408019515353208,1,5.95374224272569
NFC,2011995273.0,3,0.040858624608274,1,0.13889794683996648
NFC,2011995273.0,4,0.0439773926623401,1,7.633071558249527
NFC,2011995273.0,5,0.0439856599663982,1,0.018798986382795313
NFC,2011995273.0,6,0.0439922183773203,1,0.014910338794749123
NFC,2011995273.0,7,0.0439970377078129,1,0.010954961287157339
NFC,2011995273.0,8,0.0439984009566153,1,0.003098501338771875
NFC,2011995273.0,9,0.043999220680049,1,0.0018630755115545128
NFC,2011995273.0,10,0.0439995994434732,1,0.0008608412111588137
NFC,2011995273.0,11,0.043999794890888,1,0.0004442027138118476
NFC,2011995273.0,12,0.0439998974497288,1,0.00023308936110133516
NFC,2011995327.0,1,0.0880001203263603,1,0.0
NFC,2011995327.0,2,0.0880002580015304,1,0.00015644884301391215
NFC,2011995327.0,3,0.0880004147528377,1,0.00017812596333488528
NFC,2011995327.0,4,0.0880005891962067,1,0.00019823016685904804
NFC,2011995327.0,5,0.0880007870528128,1,0.00022483554702468211
NFC,2011995327.0,6,0.0880010160316402,1,0.0002602008857710558
NFC,2011995327.0,7,0.0880012852387938,1,0.00030591368798127405
NFC,2011995327.0,8,0.0880016175936198,1,0.0003776704227576033
NFC,2011995327.0,9,0.0880020568562993,1,0.0004991529604980727
NFC,2011995327.0,10,0.088002715346267,1,0.0007482665646874054
NFC,2011995327.0,11,0.0960151461422721,1,9.104754057279196
NFC,2011995327.0,12,0.1015076544390018,1,5.720460278830464
NFC,2011995368.0,1,0.0664457097475301,1,0.0
NFC,2011995368.0,2,0.0997382526398091,1,50.10487963598964
NFC,2011995368.0,3,0.1246716400330036,1,24.99882114762726
NFC,2011995368.0,4,0.1329958923844031,1,6.676941403189907
NFC,2011995368.0,5,0.1373096547513941,1,3.243530525381
NFC,2011995368.0,6,0.1406168270246722,1,2.4085504251437406
NFC,2011995368.0,7,0.1410435318466942,1,0.3034521764220255
NFC,2011995368.0,8,0.1415600309152703,1,0.3661983373597799
NFC,2011995368.0,9,0.1417666407779924,1,0.14595211754775406
NFC,2011995368.0,10,0.1418866451234512,1,0.08464921281921
NFC,2011995368.0,11,0.1419385022602456,1,0.036548285956916615
NFC,2011995368.0,12,0.1419692522562964,1,0.02166430923331575
NFC,2011995369.0,1,0.0669510891827079,1,0.0
NFC,2011995369.0,2,0.1047187121207924,1,56.410767022800144
NFC,2011995369.0,3,0.1243199358965932,1,18.717976356690592
NFC,2011995369.0,4,0.1336691818187563,1,7.520311086662423
NFC,2011995369.0,5,0.1397109096606037,1,4.519910842305785
NFC,2011995369.0,6,0.1427727434586299,1,2.191549540021054
NFC,2011995369.0,7,0.1438865932032437,1,0.7801557339525145
NFC,2011995369.0,8,0.1443656153848939,1,0.33291648025439713
NFC,2011995369.0,9,0.1446219083608613,1,0.17753048416973005
NFC,2011995369.0,10,0.1448435491963362,1,0.15325536634591685
NFC,2011995369.0,11,0.1449369959119419,1,0.06451562125076027
NFC,2011995369.0,12,0.1449684976618841,1,0.021734788791505366
NFC,2011995371.0,1,0.1029238607390063,1,0.0
NFC,2011995371.0,2,0.1949046844858974,1,89.36783277119335
NFC,2011995371.0,3,0.2098383950258771,1,7.6620582924266545
NFC,2011995371.0,4,0.2196855420914706,1,4.692728928077794
NFC,2011995371.0,5,0.2265372088758256,1,3.1188519367843393
NFC,2011995371.0,6,0.2285825704606198,1,0.9028810741264826
NFC,2011995371.0,7,0.2293465014007781,1,0.33420349531414484
NFC,2011995371.0,8,0.229694921023956,1,0.15191843827999651
NFC,2011995371.0,9,0.2298517356030471,1,0.06827080824949316
NFC,2011995371.0,10,0.2299172322467565,1,0.02849517039213989
NFC,2011995371.0,11,0.2299370605870073,1,0.008624120974776162
NFC,2011995371.0,12,0.2299685338225459,1,0.013687761102199048
